SessionFile,PlayerID,Person,Label,CheatType,SessionDurationSeconds,AimAngularSpeedMean,AimAngularSpeedStdDev,AimAngularErrorMean,AimAngularErrorStdDev,AimErrorSampleCount,AimFlipRatio,MovementSpeedMean,MovementSpeedMax,DirectionChangesPerSecond,SpeedViolationRatio,MovementPathEntropy,ReactionTimeMean,ReactionTimeStdDev,ShotIntervalMean,ShotIntervalStdDev,ShotsPerSecond,HitRate,HeadshotRate,KillsPerMinute,KillDeathRatio,TotalShots,TotalHits,TotalKills,TotalDeaths
session_2026-08-13_12-23-24.csv,Jacins-PC-6F2FC02F43,Jacin,0,,124.8069,65.1943,91.6572,8.8118,9.7966,345,0.0,497.1283,928.6437,0.7532,0.0016,2.9767,0.1506,0.1781,0.1931,0.3686,3.5174,0.2027,0.0,2.4037,1.0,439,89,5,5
session_2026-08-13_12-23-24.csv,Phileas-PC-338CF49F4,Phileas,0,,114.7871,87.6493,118.1809,12.0388,11.3681,359,0.0,506.1247,600.0,1.1412,0.0,2.9899,0.1957,0.4736,0.1765,0.2779,3.9116,0.1893,0.0,3.6589,1.0,449,85,7,7
session_2026-08-13_12-23-24.csv,Stacjonarny-CA89EB15,Mateusz,0,,124.9395,57.7265,79.6385,9.9196,10.945,494,0.0,470.2434,600.0,0.6723,0.0,2.9826,0.1059,0.3013,0.166,0.4566,4.7703,0.2248,0.0,4.3221,1.8,596,134,9,5
session_2026-08-13_12-23-24.csv,Krystall-8CBC35F24BD,Peter,0,,124.6713,57.6222,97.1911,12.3403,11.5802,359,0.0,376.479,600.0,0.9786,0.0,2.9844,0.1442,0.4626,0.1666,0.4763,3.5453,0.1968,0.0,3.3689,1.4,442,87,7,5
session_2026-08-13_12-23-24.csv,DESKTOP-375SOSC-ECA1,Joni,0,,119.6001,40.5813,96.444,11.3005,9.5923,136,0.0008,299.9145,600.0,0.4933,0.0,2.9569,0.1042,0.1223,0.2327,0.5903,1.2625,0.106,0.0,0.0,0.0,151,16,0,6
session_2026-08-13_12-26-14.csv,Jacins-PC-6F2FC02F43,Jacin,0,,123.0739,71.8868,103.7717,10.0804,10.6241,180,0.0,554.3077,600.0,0.5606,0.0,2.9727,0.1677,0.2113,0.3287,0.6942,2.0232,0.2088,0.0,0.4875,0.1667,249,52,1,6
session_2026-08-13_12-26-14.csv,Phileas-PC-338CF49F4,Phileas,0,,124.7089,61.8127,101.367,9.5743,9.6221,246,0.0,477.46,600.0,0.4811,0.0,2.9613,0.2397,0.7402,0.2074,0.714,2.5018,0.2212,0.0,2.4056,1.0,312,69,5,5
session_2026-08-13_12-26-14.csv,Stacjonarny-CA89EB15,Mateusz,0,,139.8829,30.2223,59.3888,10.6742,11.1616,150,0.0,314.9531,600.0,0.3145,0.0,2.9807,0.2751,0.5794,0.3156,0.4597,1.5299,0.271,0.0,3.0025,3.5,214,58,7,2
session_2026-08-13_12-26-14.csv,Krystall-8CBC35F24BD,Peter,0,,129.7924,61.3322,93.861,12.6595,10.7008,486,0.0,517.8622,600.0,0.9708,0.0,2.9813,0.1099,0.2087,0.1705,0.3967,4.5688,0.1585,0.0,4.1605,2.25,593,94,9,4
session_2026-08-13_12-26-14.csv,DESKTOP-375SOSC-ECA1,Joni,0,,114.6176,56.2893,108.3294,17.6887,11.2296,121,0.0,379.6242,600.0,0.4013,0.0,2.9461,0.082,0.0412,0.1711,0.1341,1.4134,0.0988,0.0,0.5235,0.1429,162,16,1,7
session_2026-08-13_12-29-04.csv,Phileas-PC-338CF49F4,Phileas,0,,90.2502,48.6532,88.3677,7.9969,8.7331,109,0.0011,348.444,600.0,0.4654,0.0,2.9041,0.1798,0.2589,0.3022,0.5997,1.4626,0.2197,0.0,1.3296,0.6667,132,29,2,3
session_2026-08-13_12-29-04.csv,Stacjonarny-CA89EB15,Mateusz,0,,134.8169,31.0514,56.4153,12.2397,9.9595,61,0.0,318.9401,600.0,0.4228,0.0,2.9688,0.1566,0.1381,0.472,0.5047,0.9643,0.3154,0.0,1.7802,1.3333,130,41,4,3
session_2026-08-13_12-29-04.csv,Krystall-8CBC35F24BD,Peter,0,,139.931,45.0227,84.5025,10.8559,10.6301,366,0.0,384.0712,600.0,0.6074,0.0,2.9639,0.0519,0.0469,0.1909,0.6675,3.0515,0.1686,0.0,3.859,4.5,427,72,9,2
session_2026-08-13_12-29-04.csv,DESKTOP-375SOSC-ECA1,Joni,0,,124.7981,49.767,105.4443,18.5311,9.8442,150,0.0016,396.3142,647.5599,0.625,0.0016,2.9795,0.0869,0.0769,0.332,1.2149,1.4503,0.0829,0.0,0.0,0.0,181,15,0,5
session_2026-08-13_12-29-04.csv,LAPTOP-IN41KCMK-5468,Clemi,0,,121.993,71.8697,118.5259,8.4102,10.0442,245,0.0008,466.0071,600.0,0.5574,0.0,2.9898,0.1364,0.2761,0.2314,0.4826,2.8444,0.1643,0.0,0.9837,0.6667,347,57,2,3
session_2026-08-13_12-37-03.csv,Krystall-8CBC35F24BD,Peter,1,aimbot+wallhack+triggerbot,149.9947,59.1755,78.1156,9.1811,11.586,1126,0.0,292.8602,600.0,0.76,0.0,2.9902,0.0874,0.2538,0.1037,0.1683,9.567,0.1679,0.0,9.2003,23.0,1435,241,23,0
session_2026-08-13_12-37-03.csv,Stacjonarny-CA89EB15,Mateusz,0,,114.8514,48.7476,80.6656,9.6174,8.6041,53,0.0,453.8146,600.0,0.5921,0.0,2.9683,0.2386,0.2904,0.5277,0.7198,0.7662,0.2955,0.0,1.5672,0.4286,88,26,3,7
session_2026-08-13_12-37-03.csv,LAPTOP-IN41KCMK-5468,Clemi,0,,109.6718,68.7439,112.3934,14.3355,12.7554,101,0.0,447.754,600.0,0.3556,0.0,2.9353,0.1277,0.2529,0.2418,0.3561,1.0759,0.2712,0.0,2.1883,0.5,118,32,4,8
session_2026-08-13_12-37-03.csv,Phileas-PC-338CF49F4,Phileas,0,,99.1162,80.8174,126.4331,11.8491,10.7279,158,0.0,499.0992,600.0,0.5852,0.0,2.9669,0.2146,0.4879,0.1863,0.3634,2.0784,0.1893,0.0,1.8161,0.2727,206,39,3,11
session_2026-08-13_12-37-03.csv,DESKTOP-375SOSC-ECA1,Joni,0,,96.1766,59.5944,123.6486,15.526,7.1457,33,0.0021,524.0438,600.0,0.4471,0.0,2.9644,0.7742,1.5677,0.17,0.0947,0.6031,0.0345,0.0,0.0,0.0,58,2,0,8
session_2026-08-13_12-41-33.csv,DESKTOP-375SOSC-ECA1,Joni,1,aimbot+triggerbot,119.6537,57.3921,184.9032,11.8718,13.4448,173,0.0134,247.1255,749.1176,0.5683,0.0008,2.9897,0.2056,0.5522,0.1875,0.3436,1.73,0.256,0.0,1.5043,0.5,207,53,3,6
session_2026-08-13_12-41-33.csv,Phileas-PC-338CF49F4,Phileas,0,,109.5486,63.5758,102.5429,6.5535,7.6451,229,0.0009,527.0681,603.9425,0.4108,0.0,2.971,0.1822,0.278,0.2366,0.5439,2.9941,0.2348,0.0,2.7385,0.625,328,77,5,8
session_2026-08-13_12-41-33.csv,Krystall-8CBC35F24BD,Peter,0,,137.7578,37.0483,73.8682,9.7325,12.2787,393,0.0,296.021,600.0,0.7912,0.0,2.9479,0.1105,0.407,0.1453,0.373,4.2393,0.1729,0.0,3.4844,2.6667,584,101,8,3
session_2026-08-13_12-41-33.csv,Stacjonarny-CA89EB15,Mateusz,0,,134.8852,29.6402,62.8154,10.8609,12.0574,100,0.0,296.5404,600.0,0.4522,0.0,2.987,0.229,0.3301,0.3697,1.0369,1.0379,0.2571,0.0,1.7793,1.3333,140,36,4,3
session_2026-08-13_12-41-33.csv,LAPTOP-IN41KCMK-5468,Clemi,0,,124.758,45.4696,98.4351,8.692,10.6217,167,0.0,308.0854,600.0,0.3847,0.0,2.9244,0.2218,0.6246,0.1874,0.4084,1.7153,0.215,0.0,1.9237,0.8,214,46,4,5
session_2026-08-13_12-44-52.csv,Stacjonarny-CA89EB15,Mateusz,0,,114.6312,55.0138,85.3777,11.0744,10.5956,121,0.0,497.9083,600.0,0.4885,0.0,2.9689,0.3204,0.6746,0.3754,0.8541,1.2736,0.3288,0.0,3.1405,0.8571,146,48,6,7
session_2026-08-13_12-44-52.csv,Phileas-PC-338CF49F4,Phileas,0,,119.7389,70.8912,99.722,7.8376,8.9892,349,0.0,522.8087,600.0,0.6514,0.0,2.982,0.1605,0.4982,0.1836,0.4646,3.7749,0.2279,0.0,4.5098,1.5,452,103,9,6
session_2026-08-13_12-44-52.csv,Krystall-8CBC35F24BD,Peter,0,,135.0751,58.8177,91.6148,9.1564,9.5639,458,0.0,437.8697,600.0,0.5626,0.0,2.9874,0.1265,0.4683,0.1717,0.4839,4.1829,0.2035,0.0,4.442,3.3333,565,115,10,3
session_2026-08-13_12-44-52.csv,DESKTOP-375SOSC-ECA1,Joni,0,,107.8773,42.691,104.5871,14.8383,8.5169,30,0.0,338.5813,600.0,0.3893,0.0,2.8599,0.5969,1.2178,0.2014,0.1031,0.3523,0.0789,0.0,0.0,0.0,38,3,0,8
session_2026-08-13_12-44-52.csv,LAPTOP-IN41KCMK-5468,Clemi,0,,121.0404,55.6863,92.3027,9.5392,10.0696,247,0.0,398.7498,600.0,0.6031,0.0,2.9784,0.2721,0.7905,0.218,0.4034,2.6933,0.181,0.0,1.9828,0.8,326,59,4,5
session_2026-08-13_12-47-42.csv,Stacjonarny-CA89EB15,Mateusz,0,,129.7487,34.894,71.6382,10.5584,10.1065,160,0.0,282.0334,600.0,0.4547,0.0,2.9615,0.2066,0.7891,0.2092,0.4064,1.5877,0.2136,0.0,1.8497,1.0,206,44,4,4
session_2026-08-13_12-47-42.csv,Phileas-PC-338CF49F4,Phileas,0,,129.9138,38.6107,93.8655,8.0155,9.2947,94,0.0,268.8748,600.0,0.254,0.0,2.937,0.287,0.7386,0.3458,0.5335,1.0084,0.3359,0.0,2.3092,1.25,131,44,5,4
session_2026-08-13_12-47-42.csv,Krystall-8CBC35F24BD,Peter,0,,145.017,22.3029,59.3092,11.1081,10.321,206,0.0,174.152,600.0,0.2276,0.0,2.9312,0.0476,0.0165,0.1507,0.3718,1.7998,0.1916,0.0,1.655,4.0,261,50,4,1
session_2026-08-13_12-47-42.csv,DESKTOP-375SOSC-ECA1,Joni,0,,139.9731,26.45,83.7034,12.0196,8.8477,127,0.0,214.4876,600.0,0.2643,0.0,2.905,0.0668,0.0651,0.2542,0.9786,1.0931,0.0588,0.0,0.4287,0.5,153,9,1,2
session_2026-08-13_12-47-42.csv,LAPTOP-IN41KCMK-5468,Clemi,0,,129.8151,62.424,100.6026,8.5053,9.241,274,0.0,447.3165,600.0,0.624,0.0,2.9791,0.1925,0.7099,0.2168,0.7126,3.089,0.1696,0.0,0.4622,0.25,401,68,1,4
session_2026-08-13_12-51-13.csv,Phileas-PC-338CF49F4,Phileas,0,,124.7797,69.0874,106.8526,10.8509,10.5724,376,0.0,454.68,616.0327,0.585,0.0008,2.9722,0.1554,0.4442,0.1603,0.2628,3.6464,0.178,0.0,3.8468,1.6,455,81,8,5
session_2026-08-13_12-51-13.csv,Stacjonarny-CA89EB15,Mateusz,0,,129.893,46.2715,76.9076,10.3195,10.3187,201,0.0,398.1895,600.0,0.5466,0.0,2.9746,0.1048,0.2126,0.2849,0.8865,2.0709,0.2528,0.0,2.7715,1.5,269,68,6,4
session_2026-08-13_12-51-13.csv,DESKTOP-375SOSC-ECA1,Joni,0,,119.6017,52.709,111.581,17.0802,10.3871,79,0.0017,493.2224,600.0,0.5602,0.0,2.9641,0.2187,0.2551,0.3871,0.5831,0.9197,0.1455,0.0,2.0067,0.6667,110,16,4,6
session_2026-08-13_12-51-13.csv,Krystall-8CBC35F24BD,Peter,0,,124.7144,49.842,95.1115,8.6734,11.0568,334,0.0,364.2823,600.0,0.4651,0.0,2.9865,0.1077,0.4341,0.1448,0.3112,3.2955,0.2214,0.0,2.8866,1.2,411,91,6,5
session_2026-08-13_12-51-13.csv,LAPTOP-IN41KCMK-5468,Clemi,0,,122.0441,59.1782,106.8265,8.9224,10.7828,253,0.0008,391.5912,600.0,0.59,0.0,2.9753,0.1355,0.0997,0.2144,0.3698,2.8268,0.1942,0.0,0.9833,0.3333,345,67,2,6
session_2026-08-13_12-54-03.csv,Phileas-PC-338CF49F4,Phileas,0,,129.7595,42.6554,87.206,10.3254,10.3742,293,0.0,302.0298,619.5734,0.393,0.0008,2.9538,0.1613,0.4357,0.1672,0.2925,2.6588,0.2029,0.0,3.2368,1.75,345,70,7,4
session_2026-08-13_12-54-03.csv,Stacjonarny-CA89EB15,Mateusz,0,,114.7254,41.3588,75.2253,10.8076,9.5322,75,0.0,370.7145,600.0,0.4271,0.0,2.9747,0.3341,0.8338,0.3728,0.8261,0.9414,0.2315,0.0,2.092,0.5714,108,25,4,7
session_2026-08-13_12-54-03.csv,DESKTOP-375SOSC-ECA1,Joni,0,,123.3745,47.676,96.1843,13.8222,8.5973,87,0.0008,394.8152,613.3661,0.4377,0.0008,2.9722,0.7836,1.4484,0.3072,0.4767,0.7943,0.0918,0.0,0.9726,0.3333,98,9,2,6
session_2026-08-13_12-54-03.csv,Krystall-8CBC35F24BD,Peter,0,,134.8399,38.1124,79.1572,15.0126,12.0011,360,0.0,299.3212,600.0,0.7045,0.0,2.958,0.1871,0.5968,0.1535,0.163,3.1741,0.1822,0.0,2.6698,2.0,428,78,6,3
session_2026-08-13_12-54-03.csv,LAPTOP-IN41KCMK-5468,Clemi,0,,129.8214,48.0935,90.9725,10.676,11.8451,355,0.0008,356.7597,600.0,0.6162,0.0,2.9179,0.1124,0.1158,0.2176,0.8347,3.1813,0.1937,0.0,1.8487,1.0,413,80,4,4
session_2026-08-13_12-56-54.csv,Phileas-PC-338CF49F4,Phileas,0,,134.7868,75.2927,106.9761,10.5089,10.7643,539,0.0,542.1816,600.0,0.4897,0.0,2.9787,0.1137,0.394,0.1454,0.2742,5.364,0.1604,0.0,4.8966,3.6667,723,116,11,3
session_2026-08-13_12-56-54.csv,Stacjonarny-CA89EB15,Mateusz,0,,119.647,36.2383,78.0667,13.9204,11.6411,44,0.0,240.693,600.0,0.2925,0.0,2.9296,0.3521,0.505,0.5231,1.161,0.4095,0.4082,0.0,1.003,0.3333,49,20,2,6
session_2026-08-13_12-56-54.csv,DESKTOP-375SOSC-ECA1,Joni,0,,99.3893,42.9825,90.6235,17.5999,7.9574,40,0.0,394.1145,600.0,0.3119,0.0,2.9186,0.117,0.0603,0.4376,0.5158,0.5936,0.1525,0.0,0.6037,0.0909,59,9,1,11
session_2026-08-13_12-56-54.csv,Krystall-8CBC35F24BD,Peter,0,,124.702,33.7863,76.2508,12.0322,11.4729,160,0.0,235.9402,600.0,0.401,0.0,2.9751,0.2403,0.8223,0.1699,0.2501,1.8925,0.2288,0.0,0.9623,0.4,236,54,2,5
session_2026-08-13_12-56-54.csv,LAPTOP-IN41KCMK-5468,Clemi,0,,129.9132,53.7343,88.4741,9.2418,9.5907,379,0.0,443.4864,600.0,0.6389,0.0,2.9756,0.1301,0.2267,0.1967,0.2586,3.7871,0.1992,0.0,5.5422,3.0,492,98,12,4
session_2026-08-13_12-59-44.csv,Phileas-PC-338CF49F4,Phileas,0,,124.7477,35.8917,83.9842,5.9596,8.2712,91,0.0,254.5892,600.0,0.2565,0.0,2.952,0.2272,0.503,0.2288,0.5197,1.1623,0.2207,0.0,0.9619,0.4,145,32,2,5
session_2026-08-13_12-59-44.csv,Stacjonarny-CA89EB15,Mateusz,0,,129.8044,47.2418,83.1945,10.2099,12.0118,494,0.0,460.2188,600.0,0.7935,0.0,2.9202,0.1222,0.3717,0.1492,0.2593,4.63,0.2196,0.0,5.5468,3.0,601,132,12,4
session_2026-08-13_12-59-44.csv,DESKTOP-375SOSC-ECA1,Joni,0,,114.5651,38.9126,79.8892,12.6922,7.9854,69,0.0009,421.2054,658.8104,0.3142,0.0009,2.8868,0.2674,0.2054,0.4715,0.8675,0.7158,0.2805,0.0,2.0949,0.5714,82,23,4,7
session_2026-08-13_12-59-44.csv,Krystall-8CBC35F24BD,Peter,0,,124.7507,69.4947,104.5358,11.9806,11.2534,231,0.0,496.485,600.0,0.7535,0.0,2.9934,0.2482,0.7742,0.2144,0.5597,3.022,0.183,0.0,3.3667,1.4,377,69,7,5
session_2026-08-13_12-59-44.csv,LAPTOP-IN41KCMK-5468,Clemi,0,,114.6945,51.9231,100.0505,10.4781,12.5558,161,0.0009,441.4777,600.0,0.558,0.0,2.9214,0.3599,0.7861,0.2847,0.5835,1.9617,0.1778,0.0,1.5694,0.4286,225,40,3,7
session_2026-08-13_13-02-34.csv,Phileas-PC-338CF49F4,Phileas,0,,124.7141,59.9274,95.4125,11.4633,10.8847,411,0.0,449.2777,600.0,0.4089,0.0,2.9463,0.2114,0.6929,0.149,0.2824,4.1936,0.1969,0.0,4.811,2.0,523,103,10,5
session_2026-08-13_13-02-34.csv,Stacjonarny-CA89EB15,Mateusz,0,,129.7979,26.5578,55.4578,13.2699,11.4637,153,0.0,344.8369,600.0,0.4468,0.0,2.9328,0.1826,0.3312,0.2786,0.6396,1.6256,0.2322,0.0,1.849,1.0,211,49,4,4
session_2026-08-13_13-02-34.csv,DESKTOP-375SOSC-ECA1,Joni,0,,114.488,37.1062,91.5256,12.9642,6.7215,24,0.0,397.0037,600.0,0.2795,0.0,2.9397,0.1671,0.0,0.5709,1.0274,0.2446,0.1071,0.0,0.0,0.0,28,3,0,7
session_2026-08-13_13-02-34.csv,Krystall-8CBC35F24BD,Peter,0,,126.5525,45.3369,79.8336,11.3755,12.3078,338,0.0,419.0226,600.0,0.5689,0.0,2.9612,0.0864,0.0973,0.1881,0.6064,3.1291,0.1869,0.0,1.8964,1.0,396,74,4,4
session_2026-08-13_13-02-34.csv,LAPTOP-IN41KCMK-5468,Clemi,0,,120.0796,58.0228,92.0743,11.6912,8.9096,186,0.0,492.482,600.0,0.508,0.0,2.9038,0.1077,0.1134,0.3336,0.707,2.1402,0.2296,0.0,3.4977,1.1667,257,59,7,6
session_2026-08-13_19-43-23.csv,MBurgerPC-C08954A945,Maxi,0,,124.7343,41.507,72.4814,6.5737,8.6693,263,0.0,371.8492,600.0,0.5692,0.0,2.9629,0.2242,0.73,0.2324,0.7116,2.9743,0.1941,0.0,1.4431,0.6,371,72,3,5
session_2026-08-13_19-43-23.csv,Phileas-PC-167800BF4,Phileas,0,,131.0169,49.5871,96.9114,9.7944,10.4755,200,0.0008,358.1232,600.0,0.4427,0.0,2.9827,0.1149,0.225,0.2212,0.5473,2.1753,0.1895,0.0,1.3739,0.75,285,54,3,4
session_2026-08-13_19-43-23.csv,Stacjonarny-CA89EB15,Mateusz,0,,119.6896,50.7201,83.405,6.9198,8.6007,143,0.0,368.6072,639.1786,0.4846,0.0008,2.9248,0.154,0.3827,0.2504,0.5537,1.788,0.2103,0.0,2.0052,0.6667,214,45,4,6
session_2026-08-13_19-43-23.csv,RF-MS1-1-EF024FED46C,Nikolay,0,,128.9384,64.2582,94.9332,10.1042,10.7998,259,0.0,547.8795,600.0,0.5196,0.0,2.9809,0.1544,0.5768,0.2225,0.5764,2.8231,0.1868,0.0,3.7227,1.6,364,68,8,5
session_2026-08-13_19-46-13.csv,MBurgerPC-C08954A945,Maxi,1,aimbot,123.6399,29.8586,66.8431,8.3995,8.264,113,0.0,310.6728,600.0,0.3154,0.0,2.9673,0.2883,0.9217,0.2147,0.4988,1.1808,0.1575,0.0,0.9706,0.3333,146,23,2,6
session_2026-08-13_19-46-13.csv,Phileas-PC-167800BF4,Phileas,0,,130.7595,47.1812,93.8053,9.5426,10.8638,255,0.0,321.1303,600.0,0.3747,0.0,2.9805,0.1047,0.4243,0.1775,0.4744,2.2943,0.2133,0.0,2.7531,1.5,300,64,6,4
session_2026-08-13_19-46-13.csv,Stacjonarny-CA89EB15,Mateusz,0,,134.9109,50.381,72.7079,8.5511,9.408,173,0.0,465.5849,798.2929,0.8005,0.0015,2.9463,0.2954,0.5152,0.3658,0.5934,1.9717,0.2744,0.0,3.5579,2.6667,266,73,8,3
session_2026-08-13_19-46-13.csv,RF-MS1-1-EF024FED46C,Nikolay,0,,119.6319,72.2848,106.7744,13.2096,11.1539,200,0.0,532.8857,600.0,0.4347,0.0,2.9783,0.2285,0.6607,0.186,0.4607,2.6832,0.1277,0.0,0.5015,0.1667,321,41,1,6
session_2026-08-13_19-49-20.csv,MBurgerPC-C08954A945,Maxi,0,,84.3756,47.745,90.4213,8.9155,11.3159,148,0.0,351.043,600.0,0.3674,0.0,2.846,0.0891,0.1873,0.1949,0.4496,2.8444,0.1667,0.0,2.1333,0.2308,240,40,3,13
session_2026-08-13_19-49-20.csv,Phileas-PC-167800BF4,Phileas,0,,109.7263,63.4848,103.759,8.5038,9.5249,93,0.0,410.3857,600.0,0.3463,0.0,2.9599,0.1277,0.0994,0.2926,0.9441,1.0025,0.2273,0.0,1.0936,0.25,110,25,2,8
session_2026-08-13_19-49-20.csv,Stacjonarny-CA89EB15,Mateusz,1,aimbot+wallhack+triggerbot+godmode,149.9418,47.5031,152.7818,10.5214,13.3701,1984,0.0113,435.0899,600.0,0.6869,0.0,2.9816,0.0366,0.085,0.0461,0.0969,18.4672,0.0668,0.0,11.2043,28.0,2769,185,28,0
session_2026-08-13_19-49-20.csv,RF-MS1-1-EF024FED46C,Nikolay,0,,84.5099,54.099,93.564,10.7482,11.853,26,0.0,480.6043,600.0,0.3787,0.0,2.9898,0.0167,0.0167,0.137,0.2311,0.6153,0.1346,0.0,0.71,0.0769,52,7,1,13
session_2026-08-13_19-52-40.csv,Stacjonarny-CA89EB15,Mateusz,0,,114.6311,62.0514,92.3245,11.3497,9.9426,271,0.0,470.2386,600.0,0.6717,0.0,2.9933,0.2194,0.6139,0.1836,0.4849,3.1143,0.1569,0.0,2.6171,0.7143,357,56,5,7
session_2026-08-13_19-52-40.csv,Phileas-PC-167800BF4,Phileas,0,,115.5959,75.2952,110.6459,9.7285,9.7888,373,0.0,469.7347,693.5411,0.5537,0.0009,2.9741,0.1367,0.6321,0.1502,0.3932,4.2995,0.1509,0.0,2.5952,0.7143,497,75,5,7
session_2026-08-13_19-52-40.csv,MBurgerPC-C08954A945,Maxi,0,,129.9004,36.0894,60.3341,8.0232,9.9942,366,0.0,415.643,600.0,0.6236,0.0,2.9866,0.1276,0.3852,0.1991,0.5057,3.826,0.2133,0.0,5.0808,2.75,497,106,11,4
session_2026-08-13_19-52-40.csv,RF-MS1-1-EF024FED46C,Nikolay,0,,129.8694,32.0674,81.1853,9.3542,9.6639,107,0.0,209.574,600.0,0.4081,0.0,2.9316,0.1206,0.3671,0.1169,0.145,1.2705,0.1818,0.0,0.0,0.0,165,30,0,4
session_2026-08-13_19-55-30.csv,Stacjonarny-CA89EB15,Mateusz,0,,18.6452,43.1616,68.9936,8.0046,11.9069,36,0.0,516.9475,600.0,0.3218,0.0,2.7033,0.1608,0.0983,0.2553,0.4377,3.4861,0.1846,0.0,0.0,0.0,65,12,0,1
session_2026-08-13_19-55-30.csv,Phileas-PC-167800BF4,Phileas,0,,115.654,76.3348,117.9075,20.9353,13.9836,69,0.0,417.7297,600.0,0.4323,0.0,2.9927,0.6315,1.079,0.3129,0.8938,1.6774,0.0619,0.0,1.0376,0.2857,194,12,2,7
session_2026-08-13_19-55-30.csv,MBurgerPC-C08954A945,Maxi,0,,119.7581,34.2085,63.7351,10.1879,10.8014,180,0.0,390.7443,600.0,0.4008,0.0,2.9112,0.2339,0.4238,0.1951,0.3873,3.0729,0.106,0.0,0.0,0.0,368,39,0,6
session_2026-08-13_19-55-30.csv,RF-MS1-1-EF024FED46C,Nikolay,1,triggerbot+godmode,149.9416,61.6228,82.7335,7.04,10.4228,338,0.0,405.8994,600.0,0.5869,0.0,2.9767,0.1125,0.2249,0.3017,1.0022,3.2279,0.2583,0.0,4.8019,12.0,484,125,12,0
session_2026-08-13_19-58-20.csv,RF-MS1-1-EF024FED46C,Nikolay,0,,59.3515,64.6796,102.7147,8.5049,8.6575,165,0.0,455.2416,600.0,0.7076,0.0,2.9791,0.1015,0.2637,0.1806,0.6676,4.0437,0.25,0.0,4.0437,2.0,240,60,4,2
session_2026-08-13_19-58-20.csv,MBurgerPC-C08954A945,Maxi,0,,119.7235,43.4678,76.1201,7.2866,10.5108,209,0.0,411.4442,600.0,0.5012,0.0,2.9722,0.2484,0.7212,0.2543,0.663,2.3972,0.2439,0.0,3.5081,1.1667,287,70,7,6
session_2026-08-13_19-58-20.csv,Stacjonarny-CA89EB15,Mateusz,0,,68.8763,42.2227,76.7931,8.6018,12.4339,260,0.0,369.2612,600.0,0.3775,0.0,2.9756,0.1992,0.812,0.182,0.5721,4.254,0.2491,0.0,6.0979,3.5,293,73,7,2
session_2026-08-13_19-58-20.csv,Phileas-PC-167800BF4,Phileas,0,,74.6311,43.1824,90.3629,6.1782,7.143,79,0.0,304.0678,600.0,0.0804,0.0,2.9671,0.0864,0.1964,0.1369,0.2044,1.2863,0.2292,0.0,4.0198,1.0,96,22,5,5
session_2026-08-13_20-01-10.csv,RF-MS1-1-EF024FED46C,Nikolay,0,,113.7782,32.1339,72.9044,7.889,9.1628,131,0.0,269.8947,907.7753,0.2637,0.0018,2.966,0.1716,0.5694,0.2925,1.384,1.3623,0.2645,0.0,2.1094,2.0,155,41,4,2
session_2026-08-13_20-01-10.csv,MBurgerPC-C08954A945,Maxi,1,wallhack,120.7334,27.8888,68.7049,8.0029,10.5412,110,0.0,247.3569,600.0,0.323,0.0,2.8697,0.3224,0.4453,0.2783,0.7071,1.2258,0.2432,0.0,2.4848,0.8333,148,36,5,6
session_2026-08-13_20-01-10.csv,Phileas-PC-167800BF4,Phileas,0,,91.8867,51.7,90.7663,6.7455,8.8485,198,0.0,413.9762,600.0,0.37,0.0,2.9553,0.0828,0.1784,0.2074,0.441,2.4487,0.2356,0.0,2.6119,1.0,225,53,4,4
session_2026-08-13_20-01-10.csv,Stacjonarny-CA89EB15,Mateusz,0,,79.1157,42.7664,72.9534,4.9436,6.3448,224,0.0,433.3405,600.0,0.5814,0.0,2.9598,0.1037,0.3059,0.149,0.2896,3.5518,0.2064,0.0,3.0335,1.0,281,58,4,4
session_2026-08-13_20-04-00.csv,RF-MS1-1-EF024FED46C,Nikolay,0,,124.7922,54.4319,95.0364,8.4119,10.7053,193,0.0,408.6399,600.0,0.4007,0.0,2.9715,0.1254,0.3301,0.2033,0.5814,2.1876,0.2088,0.0,2.8848,1.2,273,57,6,5
session_2026-08-13_20-04-00.csv,MBurgerPC-C08954A945,Maxi,0,,124.6591,42.0857,69.9025,6.7621,8.9898,330,0.0,399.7068,816.3524,0.6899,0.0016,2.9743,0.139,0.4297,0.192,0.5036,3.4093,0.1976,0.0,4.3318,1.8,425,84,9,5
session_2026-08-13_20-04-00.csv,Phileas-PC-167800BF4,Phileas,0,,114.6359,58.5626,107.0902,8.02,8.9354,195,0.0017,397.3313,600.0,0.4798,0.0,2.9596,0.1385,0.5103,0.1965,0.6106,2.0761,0.2311,0.0,2.0936,0.5714,238,55,4,7
session_2026-08-13_20-04-00.csv,Stacjonarny-CA89EB15,Mateusz,0,,117.6019,48.8125,79.2934,9.7305,11.5058,263,0.0,448.7973,600.0,0.4762,0.0,2.9689,0.0841,0.268,0.1495,0.3536,3.0272,0.1798,0.0,2.0408,0.6667,356,64,4,6
session_2026-08-13_20-06-50.csv,RF-MS1-1-EF024FED46C,Nikolay,0,,134.9422,19.7732,62.9251,10.2412,9.4123,70,0.0,148.1355,600.0,0.1408,0.0,2.8573,0.0301,0.018,0.2142,0.5373,0.6077,0.1463,0.0,0.4446,0.3333,82,12,1,3
session_2026-08-13_20-06-50.csv,MBurgerPC-C08954A945,Maxi,0,,124.7147,24.8955,60.6282,8.1436,11.4949,157,0.0,242.4357,600.0,0.2566,0.0,2.9777,0.1468,0.461,0.2182,0.5927,1.6758,0.2344,0.0,1.4433,0.6,209,49,3,5
session_2026-08-13_20-06-50.csv,Phileas-PC-167800BF4,Phileas,0,,124.8788,42.8081,86.207,7.3424,8.1398,217,0.0,366.3773,600.0,0.2963,0.0,2.9852,0.0847,0.1434,0.1895,0.5477,2.2262,0.1691,0.0,1.4414,0.6,278,47,3,5
session_2026-08-13_20-06-50.csv,Stacjonarny-CA89EB15,Mateusz,0,,129.8648,39.3947,74.4443,8.1067,10.126,334,0.0,324.7791,600.0,0.5621,0.0,2.9699,0.1861,0.7758,0.2002,0.59,3.4805,0.1792,0.0,4.6202,2.5,452,81,10,4
session_2026-08-13_20-10-52.csv,MBurgerPC-C08954A945,Maxi,0,,124.751,39.2276,68.1848,6.7338,9.1314,243,0.0,360.351,600.0,0.5852,0.0,2.937,0.1588,0.5819,0.1958,0.4434,3.1904,0.1935,0.0,2.8857,1.2,398,77,6,5
session_2026-08-13_20-10-52.csv,Phileas-PC-167800BF4,Phileas,0,,129.8927,51.3088,93.4166,10.6254,12.0766,320,0.0,405.8374,600.0,0.5158,0.0,2.9822,0.1733,0.5315,0.1785,0.5248,3.3566,0.1927,0.0,2.7715,1.5,436,84,6,4
session_2026-08-13_20-10-52.csv,RF-MS1-1-EF024FED46C,Nikolay,0,,134.7802,29.3104,81.9538,14.4664,13.5757,82,0.0,157.7322,600.0,0.1039,0.0,2.9506,0.0537,0.0191,0.1617,0.4591,0.8384,0.177,0.0,0.4452,0.3333,113,20,1,3
session_2026-08-13_20-10-52.csv,Stacjonarny-CA89EB15,Mateusz,0,,139.8558,17.161,58.2257,8.3674,9.9965,30,0.0,150.0229,600.0,0.3003,0.0,2.9409,0.1404,0.1623,0.2817,0.2535,0.429,0.1667,0.0,0.429,0.5,60,10,1,2
session_2026-08-13_20-13-42.csv,RF-MS1-1-EF024FED46C,Nikolay,0,,104.5144,60.0293,91.6058,7.8053,9.5107,177,0.0,501.9616,600.0,0.4019,0.0,2.9765,0.1814,0.6469,0.1637,0.2696,2.7078,0.2332,0.0,3.4445,0.6667,283,66,6,9
session_2026-08-13_20-13-42.csv,Phileas-PC-167800BF4,Phileas,1,wallhack,114.6823,50.9493,99.0603,4.8698,7.8354,167,0.0,410.7308,600.0,0.7237,0.0,2.976,0.1706,0.4753,0.2198,0.2721,1.8486,0.3208,0.0,3.1391,0.8571,212,68,6,7
session_2026-08-13_20-13-42.csv,Stacjonarny-CA89EB15,Mateusz,0,,120.0231,47.5825,83.8577,6.7576,9.0942,262,0.0,400.1413,600.0,0.4666,0.0,2.9462,0.0309,0.0345,0.1994,0.7596,2.5745,0.2362,0.0,3.9992,1.3333,309,73,8,6
session_2026-08-13_20-13-42.csv,MBurgerPC-C08954A945,Maxi,0,,119.8191,46.273,75.9035,6.9007,9.3869,500,0.0,397.4262,600.0,0.6093,0.0,2.9052,0.129,0.3973,0.1375,0.2487,4.9157,0.2122,0.0,5.0075,1.6667,589,125,10,6
session_2026-08-13_20-16-32.csv,Phileas-PC-167800BF4,Phileas,0,,129.8455,37.783,89.6856,8.3469,9.5277,185,0.0,263.7338,600.0,0.2541,0.0,2.9679,0.0702,0.1067,0.1756,0.5278,1.8484,0.2083,0.0,2.3104,1.25,240,50,5,4
session_2026-08-13_20-16-32.csv,RF-MS1-1-EF024FED46C,Nikolay,0,,114.6345,61.6613,93.96,9.562,11.3401,284,0.0,497.2254,600.0,0.5932,0.0,2.9476,0.1036,0.3028,0.198,0.5386,3.0357,0.2069,0.0,2.617,0.7143,348,72,5,7
session_2026-08-13_20-16-32.csv,Stacjonarny-CA89EB15,Mateusz,0,,115.7036,53.1061,80.1358,7.886,9.8236,427,0.0,405.9409,600.0,0.5272,0.0,2.9724,0.0636,0.2238,0.155,0.3866,4.6412,0.2104,0.0,4.6671,1.2857,537,113,9,7
session_2026-08-13_20-16-32.csv,MBurgerPC-C08954A945,Maxi,0,,124.7285,23.0863,56.0512,8.4239,11.2667,145,0.0,263.0564,600.0,0.3367,0.0,2.9582,0.2095,0.7743,0.1961,0.5676,1.6917,0.1659,0.0,2.4052,1.0,211,35,5,5
session_2026-08-13_20-19-22.csv,RF-MS1-1-EF024FED46C,Nikolay,0,,71.6407,63.9113,91.9981,7.1799,8.4307,96,0.0,423.5668,600.0,0.7119,0.0,2.9724,0.078,0.1404,0.2404,0.4333,1.8844,0.363,0.0,3.3501,4.0,135,49,4,0
session_2026-08-13_20-19-22.csv,Phileas-PC-167800BF4,Phileas,0,,114.6697,66.7564,117.0777,16.3773,13.083,101,0.0009,403.2608,600.0,0.3924,0.0,2.9715,0.3174,0.7343,0.3428,0.5733,1.1686,0.2687,0.0,2.093,0.5714,134,36,4,7
session_2026-08-13_20-19-22.csv,Stacjonarny-CA89EB15,Mateusz,0,,59.7745,52.9113,88.4994,5.3515,9.1807,57,0.0,290.7848,600.0,0.4684,0.0,2.957,0.0599,0.0654,0.3844,1.8228,1.4387,0.2326,0.0,1.0038,0.5,86,20,1,2
session_2026-08-13_20-19-22.csv,MBurgerPC-C08954A945,Maxi,0,,128.464,26.1723,52.5893,7.2413,10.1781,367,0.0,311.5627,600.0,0.4126,0.0,2.9381,0.1108,0.4101,0.1609,0.439,3.8065,0.1738,0.0,4.6706,2.0,489,85,10,5
session_2026-08-13_20-22-12.csv,RF-MS1-1-EF024FED46C,Nikolay,1,godmode+triggerbot,149.9789,31.8955,63.9709,3.7102,5.7786,289,0.0,216.53,600.0,0.9268,0.0,2.9736,0.1688,0.5131,0.4409,1.5863,2.2737,0.3372,0.0,4.0006,10.0,341,115,10,0
session_2026-08-13_20-22-12.csv,Phileas-PC-167800BF4,Phileas,0,,104.7324,71.5785,125.2213,11.2827,13.5776,93,0.0019,442.4117,600.0,0.5538,0.0,2.9778,0.0779,0.1131,0.2267,0.5489,1.5468,0.179,0.0,2.2916,0.4444,162,29,4,9
session_2026-08-13_20-22-12.csv,Stacjonarny-CA89EB15,Mateusz,0,,138.6458,34.3215,65.3091,3.3429,6.0749,294,0.0,187.0824,600.0,0.4905,0.0,2.8754,0.2596,0.8783,0.27,1.2456,3.0509,0.2128,0.0,2.1638,1.6667,423,90,5,3
session_2026-08-13_20-22-12.csv,MBurgerPC-C08954A945,Maxi,0,,109.6089,29.9089,77.497,11.0299,11.2046,122,0.0,299.7704,600.0,0.3102,0.0,2.9584,0.1229,0.0833,0.1345,0.1122,2.0254,0.1036,0.0,0.0,0.0,222,23,0,8
session_2026-08-13_20-25-02.csv,RF-MS1-1-EF024FED46C,Nikolay,0,,124.7769,53.6287,83.8385,8.1316,8.9297,252,0.0,461.628,600.0,0.4728,0.0,2.962,0.1152,0.3863,0.1858,0.6671,2.8932,0.1939,0.0,3.366,1.4,361,70,7,5
session_2026-08-13_20-25-02.csv,MBurgerPC-C08954A945,Maxi,0,,124.7959,39.7591,67.1469,9.6592,11.2836,437,0.0,444.7351,600.0,0.601,0.0,2.8499,0.115,0.4369,0.1551,0.3329,4.6396,0.1762,0.0,5.7694,2.4,579,102,12,5
session_2026-08-13_20-25-02.csv,Phileas-PC-167800BF4,Phileas,0,,109.5172,75.753,110.2009,10.3297,11.0275,257,0.0,519.3621,600.0,0.6392,0.0,2.9846,0.2233,0.7265,0.1804,0.4321,3.1685,0.1902,0.0,1.6436,0.375,347,66,3,8
session_2026-08-13_20-25-02.csv,Stacjonarny-CA89EB15,Mateusz,0,,109.5554,55.8127,86.7779,8.8615,9.6241,198,0.0,447.0855,600.0,0.5751,0.0,2.9496,0.131,0.2135,0.2631,0.4825,2.2637,0.2258,0.0,2.1907,0.5,248,56,4,8
session_2026-08-13_20-27-53.csv,RF-MS1-1-EF024FED46C,Nikolay,0,,127.043,61.5381,93.4328,9.7298,10.596,318,0.0,468.2677,600.0,0.6376,0.0,2.9893,0.1226,0.437,0.1634,0.4722,3.4162,0.2166,0.0,4.7228,2.0,434,94,10,5
session_2026-08-13_20-27-53.csv,MBurgerPC-C08954A945,Maxi,1,aimbot,114.6802,40.5174,105.4186,5.0211,9.3707,145,0.007,309.3436,600.0,0.5232,0.0,2.9376,0.1856,0.1471,0.26,0.3521,1.4737,0.3373,0.0,0.5232,0.1429,169,57,1,7
session_2026-08-13_20-27-53.csv,Phileas-PC-167800BF4,Phileas,1,wallhack,124.7092,46.3951,96.6734,8.1979,9.3131,260,0.0008,394.0071,600.0,0.5132,0.0,2.9878,0.093,0.2769,0.1569,0.3599,3.0551,0.1969,0.0,2.8867,1.2,381,75,6,5
session_2026-08-13_20-27-53.csv,Stacjonarny-CA89EB15,Mateusz,0,,109.635,65.2921,94.0354,9.108,9.5957,313,0.0,459.1063,600.0,0.675,0.0,2.9325,0.1317,0.42,0.1286,0.2214,3.8674,0.1981,0.0,3.8309,0.875,424,84,7,8
session_2026-08-13_20-40-09.csv,Phileas-PC-167800BF4,Phileas,1,aimbot,134.8303,48.2129,151.5346,6.8927,9.903,349,0.0089,395.5467,669.5514,0.5414,0.0007,2.9754,0.0585,0.0663,0.1486,0.2673,4.057,0.1993,0.0,5.785,4.3333,547,109,13,3
session_2026-08-13_20-40-09.csv,MBurgerPC-C08954A945,Maxi,0,,114.5244,42.9097,71.0519,7.996,9.9274,214,0.0,501.9606,600.0,0.5676,0.0,2.9657,0.2688,0.6238,0.3187,0.5258,2.2441,0.2062,0.0,1.5717,0.4286,257,53,3,7
session_2026-08-13_20-40-09.csv,Stacjonarny-CA89EB15,Mateusz,0,,119.6699,47.5589,88.5703,9.0954,13.3698,6,0.0,343.0018,600.0,0.3343,0.0,2.9618,0.5124,0.9015,0.5347,1.328,0.2674,0.1875,0.0,0.0,0.0,32,6,0,6
session_2026-08-13_20-40-09.csv,RF-MS1-1-EF024FED46C,Nikolay,0,,134.8002,37.4487,78.1811,8.7538,9.9119,119,0.0,316.0653,600.0,0.319,0.0,2.943,0.1588,0.3491,0.3148,1.2202,1.0237,0.2101,0.0,1.3353,1.0,138,29,3,3
session_2026-08-13_20-42-59.csv,Phileas-PC-167800BF4,Phileas,0,,129.818,68.012,99.4861,9.5043,9.5127,384,0.0,477.1801,600.0,0.6394,0.0,2.9565,0.11,0.288,0.1858,0.5461,3.8592,0.1876,0.0,4.6219,2.5,501,94,10,4
session_2026-08-13_20-42-59.csv,MBurgerPC-C08954A945,Maxi,0,,111.2305,42.2468,83.6389,6.9803,9.2352,174,0.0,381.9214,600.0,0.4945,0.0,2.9493,0.4123,0.843,0.3042,0.7526,1.9869,0.2534,0.0,3.2365,1.0,221,56,6,6
session_2026-08-13_20-42-59.csv,Stacjonarny-CA89EB15,Mateusz,0,,129.8152,52.2883,84.7414,19.0942,15.5353,74,0.0,371.6678,600.0,0.6702,0.0,2.931,0.0334,0.0,0.2282,1.5236,1.2017,0.0449,0.0,0.0,0.0,156,7,0,4
session_2026-08-13_20-42-59.csv,RF-MS1-1-EF024FED46C,Nikolay,0,,129.6798,56.4719,89.7394,8.3706,10.2427,209,0.0,446.9341,600.0,0.7249,0.0,2.9831,0.0878,0.2268,0.2956,1.941,2.2594,0.2014,0.0,0.9254,0.5,293,59,2,4
session_2026-08-13_20-45-49.csv,Phileas-PC-167800BF4,Phileas,0,,129.7693,64.4677,98.8113,8.0229,9.5816,278,0.0,474.8408,600.0,0.4469,0.0,2.9634,0.1132,0.361,0.22,0.5658,2.9129,0.1984,0.0,4.1612,2.25,378,75,9,4
session_2026-08-13_20-45-49.csv,MBurgerPC-C08954A945,Maxi,0,,126.2566,29.1947,65.8642,9.4534,11.7445,231,0.0,236.3303,600.0,0.2614,0.0,2.8923,0.205,0.6801,0.169,0.4317,2.1781,0.1782,0.0,2.3761,1.0,275,49,5,5
session_2026-08-13_20-45-49.csv,Stacjonarny-CA89EB15,Mateusz,0,,129.7991,33.002,64.9817,6.4055,8.633,214,0.0,279.5208,600.0,0.2928,0.0,2.9529,0.0466,0.0272,0.2104,0.9826,1.8952,0.2154,0.0,0.9245,0.5,246,53,2,4
session_2026-08-13_20-45-49.csv,RF-MS1-1-EF024FED46C,Nikolay,0,,116.898,57.1536,93.8725,4.0868,6.6449,59,0.0,306.289,1031.2649,0.5218,0.0009,2.9702,0.051,0.0524,0.1867,0.742,0.6844,0.25,0.0,1.0265,0.3333,80,20,2,6
session_2026-08-13_20-48-39.csv,Phileas-PC-167800BF4,Phileas,0,,99.6739,54.0809,100.6077,6.2285,7.2212,49,0.0,377.809,600.0,0.311,0.0,2.9769,0.4314,1.0448,0.3485,1.3975,0.7123,0.1972,0.0,0.0,0.0,71,14,0,10
session_2026-08-13_20-48-39.csv,MBurgerPC-C08954A945,Maxi,0,,119.8583,36.2538,81.6105,9.3598,12.2766,102,0.0,251.4643,600.0,0.4338,0.0,2.9022,0.0925,0.0928,0.1573,0.3572,1.5435,0.0757,0.0,0.0,0.0,185,14,0,6
session_2026-08-13_20-48-39.csv,RF-MS1-1-EF024FED46C,Nikolay,1,aimbot+wallhack+triggerbot+godmode,149.9694,44.7333,143.1136,11.6781,13.5482,805,0.008,278.3868,600.0,0.5001,0.0,2.9705,0.0453,0.0512,0.0907,0.1183,10.5021,0.113,0.0,6.4013,16.0,1575,178,16,0
session_2026-08-14_14-25-16.csv,Phileas-PC-167800BF4,Phileas,0,,129.845,61.8045,97.3459,9.4736,10.298,282,0.0008,427.3964,600.0,0.8626,0.0,2.9587,0.1952,0.6954,0.2578,0.739,2.9805,0.2016,0.0,3.2346,1.75,387,78,7,4
session_2026-08-14_14-25-16.csv,Stacjonarny-CA89EB15,Mateusz,0,,129.7507,40.0861,67.2062,10.4048,10.7575,121,0.0,396.5014,600.0,0.6628,0.0,2.9473,0.2657,0.6712,0.3076,0.6976,1.5568,0.1683,0.0,0.9249,0.5,202,34,2,4
session_2026-08-14_14-25-16.csv,RF-MS1-1-EF024FED46C,Nikolay,0,,129.8522,49.0809,90.3466,6.9183,7.7127,235,0.0,386.5225,607.3073,0.5314,0.0,2.9715,0.114,0.3251,0.2178,0.8823,2.5491,0.2236,0.0,3.2344,1.75,331,74,7,4
session_2026-08-14_14-25-16.csv,LAPTOP-IN41KCMK-5468,Clemi,0,,124.7734,36.5589,76.5387,10.3772,9.6649,137,0.0,334.409,600.0,0.4248,0.0,2.9762,0.0716,0.0745,0.1567,0.2316,1.5308,0.1571,0.0,0.9617,0.4,191,30,2,5
session_2026-08-14_14-28-06.csv,Phileas-PC-167800BF4,Phileas,0,,114.6652,68.8169,102.8496,7.1423,7.6394,215,0.0,487.2444,624.7386,0.5058,0.0009,2.9607,0.1103,0.1261,0.2148,0.7644,2.564,0.2483,0.0,2.6163,0.7143,294,73,5,7
session_2026-08-14_14-28-06.csv,Stacjonarny-CA89EB15,Mateusz,0,,119.7217,53.846,83.3478,7.6735,9.8334,376,0.0,483.2995,600.0,0.6515,0.0,2.9488,0.1068,0.3465,0.1576,0.3726,3.7754,0.2389,0.0,5.0116,1.6667,452,108,10,6
session_2026-08-14_14-28-06.csv,RF-MS1-1-EF024FED46C,Nikolay,0,,124.6953,36.1651,74.3278,8.4987,9.9992,204,0.0,331.1473,600.0,0.3047,0.0,2.914,0.1151,0.447,0.1894,0.6095,2.037,0.2008,0.0,3.3682,1.4,254,51,7,5
session_2026-08-14_14-28-06.csv,LAPTOP-IN41KCMK-5468,Clemi,1,aimbot,114.6685,54.9341,165.613,10.5066,11.7349,114,0.0105,331.2079,600.0,0.6192,0.0,2.9711,0.0802,0.1027,0.1376,0.2975,2.1802,0.124,0.0,1.5697,0.4286,250,31,3,7
session_2026-08-14_14-30-56.csv,MBurgerPC-C08954A945,Maxi,0,,124.6501,43.0413,77.9604,8.6288,9.8418,349,0.0,398.1193,600.0,0.6338,0.0,2.9627,0.1567,0.4935,0.2057,0.5008,3.5459,0.2059,0.0,5.7762,2.4,442,91,12,5
session_2026-08-14_14-30-56.csv,Phileas-PC-167800BF4,Phileas,0,,119.749,67.6479,116.9713,7.4634,8.0378,123,0.0,486.4828,600.0,0.3591,0.0,2.985,0.2516,0.604,0.3983,0.8736,1.3695,0.2805,0.0,2.5052,0.8333,164,46,5,6
session_2026-08-14_14-30-56.csv,Stacjonarny-CA89EB15,Mateusz,0,,115.1338,26.6168,67.0102,8.0884,10.1285,194,0.0,215.1461,600.0,0.2519,0.0,2.9295,0.0425,0.0287,0.1388,0.2526,2.3972,0.1848,0.0,1.5634,0.4286,276,51,3,7
session_2026-08-14_14-30-56.csv,RF-MS1-1-EF024FED46C,Nikolay,0,,109.6471,60.7476,91.9078,6.9933,9.0295,279,0.0,515.9763,600.0,0.4469,0.0,2.9573,0.0942,0.4071,0.1626,0.3765,3.5204,0.2021,0.0,2.7361,0.625,386,78,5,8
session_2026-08-14_14-30-56.csv,LAPTOP-IN41KCMK-5468,Clemi,0,,124.7496,47.4683,76.1772,9.048,10.6937,343,0.0,459.0865,600.0,0.6573,0.0,2.9655,0.2139,0.7215,0.1643,0.4053,3.5511,0.1693,0.0,2.4048,1.0,443,75,5,5
session_2026-08-14_14-33-46.csv,MBurgerPC-C08954A945,Maxi,0,,111.7236,29.7603,75.2803,12.8545,9.6111,145,0.0,233.5426,600.0,0.2059,0.0,2.7997,0.0525,0.0719,0.1438,0.2142,1.5574,0.1494,0.0,2.1482,0.5714,174,26,4,7
session_2026-08-14_14-33-46.csv,Phileas-PC-167800BF4,Phileas,0,,94.6575,65.6892,116.1088,10.8461,9.3668,52,0.0011,338.9059,600.0,0.3169,0.0,2.9044,0.4967,1.0763,0.2449,0.5407,0.8557,0.1605,0.0,0.0,0.0,81,13,0,11
session_2026-08-14_14-33-46.csv,Stacjonarny-CA89EB15,Mateusz,1,aimbot+triggerbot,114.3367,29.9026,78.4326,11.8112,13.2852,49,0.0,264.9805,600.0,0.3498,0.0,2.9895,0.0334,0.0236,0.1387,0.2379,0.6122,0.1714,0.0,0.0,0.0,70,12,0,7
session_2026-08-14_14-33-46.csv,RF-MS1-1-EF024FED46C,Nikolay,1,aimbot+wallhack+triggerbot+godmode,150.0277,56.7682,198.5286,7.005,10.9813,955,0.02,233.4844,600.0,0.4999,0.0,2.9638,0.0493,0.0835,0.099,0.1218,9.5382,0.1754,0.0,11.1979,28.0,1431,251,28,0
session_2026-08-14_14-33-46.csv,LAPTOP-IN41KCMK-5468,Clemi,0,,114.7013,26.4936,73.2983,4.2867,3.8502,27,0.0,199.9351,600.0,0.1918,0.0,2.8927,0.1058,0.1396,0.1347,0.1773,0.3051,0.2571,0.0,0.0,0.0,35,9,0,7
session_2026-08-14_14-40-47.csv,Phileas-PC-167800BF4,Phileas,0,,124.7371,45.5847,99.4576,7.5193,8.187,150,0.0,308.6781,600.0,0.5131,0.0,2.9689,0.1265,0.2189,0.2175,0.6118,1.7316,0.2407,0.0,2.8861,1.2,216,52,6,5
session_2026-08-14_14-40-47.csv,MBurgerPC-C08954A945,Maxi,0,,124.7728,39.9442,73.8885,7.032,9.074,280,0.0,141.5213,600.0,0.1042,0.0,2.8557,0.1101,0.0901,0.2518,0.4924,2.6689,0.2462,0.0,1.4426,0.6,333,82,3,5
session_2026-08-14_14-40-47.csv,RF-MS1-1-EF024FED46C,Nikolay,0,,124.7314,50.8058,89.8739,7.7365,9.228,268,0.0,348.9246,600.0,0.481,0.0,2.9739,0.2137,0.7485,0.1551,0.3426,2.8221,0.25,0.0,3.8483,1.6,352,88,8,5
session_2026-08-14_14-40-47.csv,LAPTOP-IN41KCMK-5468,Clemi,0,,118.5236,53.6069,91.7711,5.9723,7.0321,228,0.0,430.4937,600.0,0.6918,0.0,2.9328,0.0559,0.0767,0.2234,0.6824,2.4552,0.1959,0.0,2.5311,0.8333,291,57,5,6
session_2026-08-14_14-43-37.csv,Phileas-PC-167800BF4,Phileas,1,aimbot,128.7912,41.1378,147.3343,4.5069,10.2142,183,0.007,327.7236,600.0,0.7765,0.0,2.9751,0.1383,0.1008,0.226,0.184,1.9101,0.4024,0.0,3.2611,1.4,246,99,7,5
session_2026-08-14_14-43-37.csv,MBurgerPC-C08954A945,Maxi,0,,124.7482,31.647,68.4485,7.8177,12.6664,211,0.0,247.6891,600.0,0.2325,0.0,2.9605,0.0412,0.0282,0.2428,0.8083,2.8778,0.1894,0.0,2.8858,1.2,359,68,6,5
session_2026-08-14_14-43-37.csv,RF-MS1-1-EF024FED46C,Nikolay,0,,113.5923,58.7198,103.1693,14.8603,13.5047,194,0.0,398.52,600.0,0.5546,0.0,2.9708,0.2197,0.7539,0.1491,0.2352,2.4297,0.1594,0.0,2.1128,0.5714,276,44,4,7
session_2026-08-14_14-43-37.csv,LAPTOP-IN41KCMK-5468,Clemi,0,,124.6191,43.4751,87.0951,9.1586,10.0412,199,0.0,364.6735,600.0,0.5055,0.0,2.9457,0.244,0.7535,0.2537,0.6535,2.295,0.2273,0.0,3.3703,1.4,286,65,7,5
session_2026-08-14_14-43-37.csv,Stacjonarny-CA89EB15,Mateusz,0,,96.5187,40.4176,74.2516,9.2576,10.6799,151,0.0,337.8317,600.0,0.4662,0.0,2.9312,0.1537,0.3113,0.2189,0.3936,2.1654,0.2201,0.0,3.1082,1.0,209,46,5,5
session_2026-08-14_14-46-27.csv,Phileas-PC-167800BF4,Phileas,0,,119.7694,68.1597,106.2465,9.2383,10.333,406,0.0,472.713,600.0,0.5761,0.0,2.959,0.269,0.7877,0.1558,0.4152,3.9409,0.2034,0.0,3.5067,1.1667,472,96,7,6
session_2026-08-14_14-46-27.csv,MBurgerPC-C08954A945,Maxi,0,,124.7796,42.2245,76.3668,6.9723,9.3196,505,0.0,372.3749,600.0,0.4007,0.0,2.8453,0.1512,0.4967,0.1368,0.3806,5.1932,0.1636,0.0,3.8468,1.6,648,106,8,5
session_2026-08-14_14-46-27.csv,RF-MS1-1-EF024FED46C,Nikolay,0,,110.683,68.7593,105.9187,10.4355,11.1014,270,0.0,462.5524,689.5155,0.4066,0.0009,2.9683,0.1212,0.4529,0.1798,0.5452,3.1441,0.1897,0.0,3.2525,0.75,348,66,6,8
session_2026-08-14_14-46-27.csv,LAPTOP-IN41KCMK-5468,Clemi,0,,124.7528,38.1191,82.1961,7.9362,7.8384,198,0.0,328.8423,600.0,0.4329,0.0,2.9553,0.0601,0.0734,0.1428,0.2305,1.8036,0.1778,0.0,2.4048,1.0,225,40,5,5
session_2026-08-14_14-46-27.csv,Stacjonarny-CA89EB15,Mateusz,0,,114.7356,31.896,84.1746,8.074,10.5434,186,0.0,173.7341,600.0,0.2092,0.0,2.9693,0.0458,0.149,0.1342,0.2343,2.3184,0.1654,0.0,2.0918,0.5714,266,44,4,7
session_2026-08-14_14-52-07.csv,Phileas-PC-167800BF4,Phileas,0,,134.8942,41.2685,82.7905,9.3861,9.3488,262,0.0,335.295,600.0,0.2372,0.0,2.9642,0.2352,0.7417,0.1914,0.6149,2.2833,0.1883,0.0,2.6688,2.0,308,58,6,3
session_2026-08-14_14-52-07.csv,MBurgerPC-C08954A945,Maxi,0,,119.5842,18.4177,50.9822,10.3208,9.6677,212,0.0,137.007,600.0,0.1672,0.0,2.7601,0.169,0.4348,0.1946,0.5432,1.8146,0.1659,0.0,2.007,0.6667,217,36,4,6
session_2026-08-14_14-52-07.csv,Stacjonarny-CA89EB15,Mateusz,0,,125.0922,43.6924,72.035,6.2773,7.1887,306,0.0,401.2797,600.0,0.4956,0.0,2.8929,0.0557,0.0619,0.2068,0.6504,3.2696,0.2274,0.0,2.3982,1.25,409,93,5,4
session_2026-08-14_14-52-07.csv,RF-MS1-1-EF024FED46C,Nikolay,0,,120.4846,57.0631,99.8883,6.5822,8.9647,311,0.0,460.4249,600.0,0.3569,0.0,2.9192,0.0948,0.2305,0.1818,0.4817,3.4693,0.2392,0.0,5.4779,1.8333,418,100,11,6
session_2026-08-14_14-52-07.csv,LAPTOP-IN41KCMK-5468,Clemi,0,,129.512,27.0968,75.7467,1.7559,1.3049,13,0.0,210.7158,600.0,0.1699,0.0,2.9109,0.0167,0.0289,0.1081,0.0142,0.1621,0.2381,0.0,0.4633,0.25,21,5,1,4
session_2026-08-14_14-54-57.csv,Phileas-PC-167800BF4,Phileas,1,wallhack,119.7751,57.3638,91.1031,7.6412,9.3055,362,0.0,473.0319,600.0,0.4592,0.0,2.9677,0.1302,0.454,0.1826,0.4739,3.924,0.2362,0.0,4.5085,1.5,470,111,9,6
session_2026-08-14_14-54-57.csv,MBurgerPC-C08954A945,Maxi,0,,119.3129,20.2514,64.5454,12.3024,11.4049,58,0.0,209.259,600.0,0.1928,0.0,2.8608,0.219,0.1623,0.3141,0.3472,0.7208,0.2442,0.0,0.5029,0.1667,86,21,1,6
session_2026-08-14_14-54-57.csv,Stacjonarny-CA89EB15,Mateusz,0,,129.841,24.6064,58.8551,10.2813,12.2963,266,0.0,230.3837,600.0,0.3004,0.0,2.9351,0.0533,0.0914,0.1725,0.5367,2.6109,0.2153,0.0,2.7726,1.5,339,73,6,4
session_2026-08-14_14-54-57.csv,RF-MS1-1-EF024FED46C,Nikolay,0,,126.9038,20.6651,68.5193,9.7397,12.2474,70,0.0,145.6187,600.0,0.197,0.0,2.8651,0.3917,1.0119,0.1536,0.2748,0.725,0.2283,0.0,0.4728,0.25,92,21,1,4
session_2026-08-14_14-54-57.csv,LAPTOP-IN41KCMK-5468,Clemi,0,,129.8381,46.5379,91.211,7.5458,10.6924,189,0.0,313.5241,600.0,0.3466,0.0,2.9355,0.0933,0.3129,0.1721,0.3733,1.9717,0.1875,0.0,3.2348,1.75,256,48,7,4
session_2026-08-14_14-57-47.csv,LAPTOP-IN41KCMK-5468,Clemi,0,,100.3347,32.631,87.8455,9.1593,11.8093,62,0.0,242.6678,600.0,0.2492,0.0,2.9403,0.0562,0.0156,0.1142,0.0934,0.7076,0.2535,0.0,0.598,0.1429,71,18,1,7
session_2026-08-14_14-57-47.csv,Phileas-PC-167800BF4,Phileas,0,,114.651,75.1211,117.6572,8.4453,8.8289,238,0.0,499.8321,600.0,0.4536,0.0,2.963,0.1111,0.1669,0.2172,0.5709,2.4684,0.2014,0.0,2.6166,0.7143,283,57,5,7
session_2026-08-14_14-57-47.csv,MBurgerPC-C08954A945,Maxi,0,,124.7714,35.7232,65.3752,8.1225,11.3962,614,0.0,296.5849,600.0,0.4729,0.0,2.8292,0.0439,0.0265,0.1046,0.0658,6.8365,0.1712,0.0,6.2514,2.6,853,146,13,5
session_2026-08-14_14-57-47.csv,Stacjonarny-CA89EB15,Mateusz,0,,119.6897,36.3711,71.7803,15.1535,15.1383,529,0.0,208.3717,600.0,0.3258,0.0,2.8727,0.0641,0.0838,0.1091,0.1424,6.684,0.1138,0.0,5.013,1.6667,800,91,10,6
session_2026-08-14_14-57-47.csv,RF-MS1-1-EF024FED46C,Nikolay,0,,114.6881,44.6306,82.5873,7.6541,10.0626,248,0.0,354.4232,600.0,0.3749,0.0,2.9459,0.0202,0.028,0.1357,0.2552,2.6507,0.2105,0.0,3.1389,0.8571,304,64,6,7
session_2026-08-14_15-10-30.csv,Phileas-PC-167800BF4,Phileas,0,,114.5716,69.5765,118.334,8.027,10.7704,230,0.0017,504.6494,600.0,0.5673,0.0,2.9551,0.1346,0.5003,0.1995,0.6536,2.8105,0.2112,0.0,3.1421,0.8571,322,68,6,7
session_2026-08-14_15-10-30.csv,RF-MS1-1-EF024FED46C,Nikolay,0,,129.5432,42.6416,74.2763,9.2607,10.5534,321,0.0,433.0263,620.1204,0.3165,0.0008,2.9775,0.1394,0.5054,0.1536,0.4259,3.3425,0.2125,0.0,3.2422,1.4,433,92,7,5
session_2026-08-14_15-10-30.csv,Stacjonarny-CA89EB15,Mateusz,0,,119.8498,31.4103,72.6555,5.0628,5.1844,128,0.0,280.7532,600.0,0.5507,0.0,2.9409,0.2616,0.9197,0.1369,0.3533,1.3767,0.2303,0.0,1.0013,0.3333,165,38,2,6
session_2026-08-14_15-10-30.csv,MBurgerPC-1F26792842,Maxi,0,,124.7898,36.6964,71.5959,9.5882,10.3421,415,0.0,390.618,600.0,0.3286,0.0,2.8944,0.1733,0.389,0.1371,0.2533,4.4795,0.1163,0.0,3.8465,1.6,559,65,8,5
session_2026-08-14_15-13-20.csv,Phileas-PC-167800BF4,Phileas,0,,125.9816,72.1792,113.0,6.8532,8.2704,370,0.0,536.9115,600.0,0.508,0.0,2.9708,0.0976,0.2333,0.2062,0.5421,3.7545,0.2008,0.0,4.2863,2.25,473,95,9,4
session_2026-08-14_15-13-20.csv,RF-MS1-1-EF024FED46C,Nikolay,0,,111.6445,58.5553,97.1817,8.3087,9.1989,218,0.0,490.4064,698.1145,0.4747,0.0009,2.9347,0.1046,0.3625,0.1607,0.4947,2.7856,0.1865,0.0,3.2245,0.75,311,58,6,8
session_2026-08-14_15-13-20.csv,Stacjonarny-CA89EB15,Mateusz,0,,121.3693,26.9922,66.4026,8.0157,9.9092,201,0.0,208.2819,600.0,0.3213,0.0,2.7997,0.1704,0.5515,0.1232,0.1692,2.3317,0.1873,0.0,2.4718,1.0,283,53,5,5
session_2026-08-14_15-13-20.csv,MBurgerPC-1F26792842,Maxi,1,aimbot+triggerbot,119.6963,43.0832,73.6994,9.3562,12.9793,231,0.0,491.5252,915.2629,0.4846,0.0008,2.9602,0.1678,0.2973,0.2382,0.4572,2.6066,0.1763,0.0,1.5038,0.5,312,55,3,6
session_2026-08-14_15-16-10.csv,Phileas-PC-167800BF4,Phileas,0,,119.667,52.0833,95.9822,8.6252,10.3894,126,0.0,405.3228,600.0,0.3092,0.0,2.9207,0.3279,0.9346,0.3301,0.7468,1.2368,0.2365,0.0,2.0056,0.6667,148,35,4,6
session_2026-08-14_15-16-10.csv,RF-MS1-1-EF024FED46C,Nikolay,0,,129.9045,43.8419,73.6534,7.9406,10.3046,352,0.0,465.1762,600.0,0.3849,0.0,2.9885,0.044,0.0631,0.2055,0.7752,3.5257,0.214,0.0,4.6188,2.5,458,98,10,4
session_2026-08-14_15-16-10.csv,Stacjonarny-CA89EB15,Mateusz,0,,129.7683,20.2681,57.8915,5.9913,9.2687,198,0.0,128.1862,600.0,0.1772,0.0,2.8878,0.1206,0.4672,0.1701,0.5347,2.0806,0.2333,0.0,0.9247,0.5,270,63,2,4
session_2026-08-14_15-16-10.csv,MBurgerPC-1F26792842,Maxi,0,,116.3972,35.3497,101.3551,5.7486,8.6041,132,0.0026,261.548,600.0,0.3522,0.0,2.9518,0.1045,0.2537,0.2393,0.6213,1.2801,0.2416,0.0,2.0619,0.5714,149,36,4,7
session_2026-08-14_15-19-00.csv,Phileas-PC-167800BF4,Phileas,0,,119.8328,68.5575,110.6432,9.2572,11.1335,224,0.0,498.9557,600.0,0.5007,0.0,2.9741,0.2233,0.4863,0.2024,0.5028,2.2949,0.2036,0.0,3.0042,1.0,275,56,6,6
session_2026-08-14_15-19-00.csv,MBurgerPC-1F26792842,Maxi,0,,122.6467,18.9646,56.0199,6.8501,8.138,167,0.0,244.7089,600.0,0.2038,0.0,2.9216,0.0808,0.1158,0.1699,0.4779,1.5899,0.1744,0.0,1.4676,0.6,195,34,3,5
session_2026-08-14_15-19-00.csv,RF-MS1-1-EF024FED46C,Nikolay,0,,124.7556,51.1497,90.4312,7.7979,10.101,207,0.0,324.2299,600.0,0.529,0.0,2.9171,0.2083,0.825,0.2675,1.707,2.3646,0.1695,0.0,1.9238,0.8,295,50,4,5
session_2026-08-14_15-19-00.csv,Stacjonarny-CA89EB15,Mateusz,0,,124.6824,52.6819,90.2422,7.2282,10.6905,317,0.0,384.4865,600.0,0.6336,0.0,2.9214,0.1207,0.5319,0.1438,0.3747,3.0718,0.2219,0.0,3.8498,1.6,383,85,8,5
session_2026-08-14_15-21-50.csv,Phileas-PC-167800BF4,Phileas,0,,114.7018,63.8653,112.5817,11.7352,9.7379,237,0.0,409.4065,600.0,0.3139,0.0,2.9614,0.058,0.0311,0.1664,0.5029,2.537,0.1237,0.0,1.0462,0.2857,291,36,2,7
session_2026-08-14_15-21-50.csv,RF-MS1-1-EF024FED46C,Nikolay,0,,105.177,28.3698,71.1092,12.9512,13.2363,37,0.0,225.1297,600.0,0.2187,0.0,2.8266,0.1071,0.1312,0.124,0.1769,0.599,0.1429,0.0,1.1409,0.4,63,9,2,5
session_2026-08-14_15-21-50.csv,Stacjonarny-CA89EB15,Mateusz,1,aimbot+wallhack+triggerbot+godmode,149.9692,35.679,121.2374,14.6746,10.6841,571,0.004,152.5394,600.0,0.3867,0.0,2.9845,0.1218,0.1112,0.2314,0.5853,4.3276,0.1602,0.0,4.801,12.0,649,104,12,0
session_2026-08-14_15-24-40.csv,Phileas-PC-167800BF4,Phileas,0,,134.8907,39.6978,82.291,5.9434,9.7415,251,0.0,277.4663,1580.7563,0.3188,0.0015,2.9603,0.0902,0.1812,0.2004,0.6537,2.4094,0.2215,0.0,4.0032,3.0,325,72,9,3
session_2026-08-14_15-24-40.csv,MBurgerPC-1F26792842,Maxi,0,,124.6644,27.2569,59.3453,8.2972,10.0494,217,0.0,256.3882,600.0,0.3529,0.0,2.923,0.1102,0.1741,0.1875,0.2659,2.0696,0.2403,0.0,2.4065,1.0,258,62,5,5
session_2026-08-14_15-24-40.csv,RF-MS1-1-EF024FED46C,Nikolay,0,,104.6287,50.3011,82.8897,9.4864,11.7074,84,0.0,440.5901,600.0,0.3536,0.0,2.9529,0.2818,0.7868,0.2533,0.7867,1.2712,0.188,0.0,1.1469,0.2222,133,25,2,9
session_2026-08-14_15-24-40.csv,Stacjonarny-CA89EB15,Mateusz,0,,124.7318,40.2684,70.578,7.2392,9.6927,456,0.0,282.6839,600.0,0.3207,0.0,2.9254,0.0497,0.023,0.1442,0.4256,4.2652,0.1917,0.0,2.8862,1.2,532,102,6,5
session_2026-08-14_15-37-31.csv,Phileas-PC-167800BF4,Phileas,0,,124.8857,55.0244,84.2022,7.5796,9.5746,349,0.0,418.9017,600.0,0.3523,0.0,2.9683,0.1307,0.4361,0.1708,0.5942,3.4512,0.1995,0.0,2.8826,1.2,431,86,6,5
session_2026-08-14_15-37-31.csv,MBurgerPC-C8AB03D241,Maxi,0,,119.5686,44.1015,76.565,11.2407,11.6203,398,0.0,395.7918,600.0,0.552,0.0,2.9336,0.1756,0.5292,0.1314,0.2279,4.533,0.1421,0.0,2.509,0.8333,542,77,5,6
session_2026-08-14_15-37-31.csv,RF-MS1-1-EF024FED46C,Nikolay,0,,114.5956,58.5439,92.3544,11.2476,9.6045,232,0.0,515.033,756.9171,0.3054,0.0009,2.9447,0.0819,0.2606,0.2117,1.2144,2.5655,0.1599,0.0,2.6179,0.7143,294,47,5,7
session_2026-08-14_15-37-31.csv,Stacjonarny-CA89EB15,Mateusz,0,,134.7744,31.9884,75.7358,9.4451,9.5701,197,0.0,230.0708,600.0,0.3858,0.0,2.9668,0.1124,0.263,0.1883,0.5062,2.2037,0.165,0.0,2.2259,1.6667,297,49,5,3
session_2026-08-14_15-40-21.csv,Phileas-PC-167800BF4,Phileas,0,,104.5966,78.4949,112.9814,6.8979,6.9501,168,0.0,486.2664,600.0,0.3346,0.0,2.954,0.2405,0.7834,0.1841,0.6115,2.2372,0.2137,0.0,1.7209,0.3333,234,50,3,9
session_2026-08-14_15-40-21.csv,MBurgerPC-C8AB03D241,Maxi,0,,144.9934,14.3024,39.2211,9.7138,10.9438,227,0.0,167.8739,600.0,0.1862,0.0,2.7362,0.0661,0.048,0.1099,0.0772,2.2139,0.1589,0.0,1.6552,4.0,321,51,4,1
session_2026-08-14_15-40-21.csv,RF-MS1-1-EF024FED46C,Nikolay,0,,134.8671,53.9097,88.9173,7.8385,10.0832,288,0.0,483.0578,600.0,0.4152,0.0,2.8713,0.058,0.135,0.2647,1.1873,2.8843,0.1877,0.0,3.5591,2.6667,389,73,8,3
session_2026-08-14_15-40-21.csv,Stacjonarny-CA89EB15,Mateusz,0,,126.0855,21.4698,67.8494,7.8088,9.9944,122,0.0,150.6394,600.0,0.23,0.0,2.9282,0.0835,0.1698,0.1564,0.3656,1.2848,0.1975,0.0,0.9517,0.5,162,32,2,4
session_2026-08-14_15-43-11.csv,Phileas-PC-167800BF4,Phileas,0,,144.2066,13.1331,45.6861,7.498,9.6241,118,0.0,105.0965,600.0,0.0832,0.0,2.9025,0.1069,0.3283,0.1529,0.2726,1.0124,0.1849,0.0,0.4161,0.5,146,27,1,2
session_2026-08-14_15-43-11.csv,MBurgerPC-C8AB03D241,Maxi,0,,132.2382,33.0783,69.1548,14.236,13.29,212,0.0,322.5147,600.0,0.2798,0.0,2.856,0.0436,0.0269,0.194,0.9863,3.5769,0.074,0.0,0.9075,0.5,473,35,2,4
session_2026-08-14_15-43-11.csv,RF-MS1-1-EF024FED46C,Nikolay,0,,124.6458,52.1869,85.5344,8.863,11.2266,266,0.0,450.452,600.0,0.3289,0.0,2.9818,0.1002,0.4022,0.2057,0.7376,3.1449,0.1709,0.0,2.8882,1.2,392,67,6,5
session_2026-08-14_15-43-11.csv,Stacjonarny-CA89EB15,Mateusz,0,,121.9815,43.2818,78.5796,5.5582,6.3711,136,0.0,379.4117,600.0,0.6148,0.0,2.9761,0.1733,0.432,0.3225,1.3244,1.41,0.2151,0.0,2.4594,1.0,172,37,5,5
session_2026-08-15_18-26-35.csv,Phileas-PC-167800BF4,Phileas,0,,114.8973,63.4967,119.6149,7.2101,8.3376,173,0.0017,394.6759,600.0,0.7746,0.0,2.9679,0.1328,0.2705,0.1971,0.3146,2.1584,0.2258,0.0,1.0444,0.2857,248,56,2,7
session_2026-08-15_18-26-35.csv,MBurgerPC-C08954A945,Maxi,0,,119.705,40.1465,66.9263,7.7265,9.0461,470,0.0,417.8484,600.0,0.6432,0.0,2.9178,0.1012,0.3622,0.1308,0.3626,5.7057,0.1552,0.0,5.5136,1.8333,683,106,11,6
session_2026-08-15_18-26-35.csv,Stacjonarny-CA89EB15,Mateusz,0,,103.2045,58.4368,93.8797,7.6068,8.4782,255,0.0,495.6449,600.0,0.7461,0.0,2.9513,0.2791,0.7529,0.1837,0.4815,3.5464,0.1885,0.0,4.0696,1.1667,366,69,7,6
session_2026-08-15_18-26-35.csv,RF-MS1-1-EF024FED46C,Nikolay,0,,134.8515,24.591,68.9247,6.5854,8.1067,113,0.0,202.8105,600.0,0.1854,0.0,2.9356,0.3126,0.93,0.2107,0.5745,1.1791,0.2264,0.0,1.3348,1.0,159,36,3,3
session_2026-08-15_18-29-25.csv,Phileas-PC-167800BF4,Phileas,0,,134.8258,46.8136,101.4983,10.081,10.7311,208,0.0007,302.1931,600.0,0.5192,0.0,2.9845,0.0939,0.2298,0.2051,0.6604,2.3289,0.1688,0.0,2.6701,2.0,314,53,6,3
session_2026-08-15_18-29-25.csv,MBurgerPC-C08954A945,Maxi,1,aimbot+triggerbot,118.7183,40.1559,118.3407,7.795,10.6395,169,0.0051,334.3808,600.0,0.438,0.0,2.9777,0.1199,0.167,0.2421,0.4603,1.7015,0.2723,0.0,2.0216,0.5714,202,55,4,7
session_2026-08-15_18-29-25.csv,Stacjonarny-CA89EB15,Mateusz,0,,114.766,54.2441,86.8895,7.2692,9.8569,386,0.0,406.66,600.0,0.6535,0.0,2.9058,0.2753,0.8301,0.1446,0.2771,4.4525,0.1957,0.0,2.614,0.7143,511,100,5,7
session_2026-08-15_18-29-25.csv,RF-MS1-1-EF024FED46C,Nikolay,0,,121.2887,53.4267,93.3237,11.3068,10.9655,258,0.0,430.4127,600.0,0.6843,0.0,2.9792,0.1311,0.5313,0.1817,0.6529,3.5205,0.1522,0.0,2.9681,1.0,427,65,6,6
session_2026-08-15_18-32-15.csv,MBurgerPC-C08954A945,Maxi,0,,129.825,37.582,71.3961,8.0838,9.4104,164,0.0,414.9211,600.0,0.647,0.0,2.9474,0.3416,0.7189,0.3378,0.6841,2.0797,0.2259,0.0,2.773,1.5,270,61,6,4
session_2026-08-15_18-32-15.csv,Stacjonarny-CA89EB15,Mateusz,0,,129.9293,42.9586,66.3241,10.687,9.9918,94,0.0,437.4593,600.0,0.5157,0.0,2.9845,0.1146,0.0755,0.2939,0.4421,1.4239,0.1946,0.0,1.3854,0.75,185,36,3,4
session_2026-08-15_18-32-15.csv,RF-MS1-1-EF024FED46C,Nikolay,0,,58.9408,27.1301,68.2397,7.8725,8.8829,68,0.0,220.7199,600.0,0.1357,0.0,2.8972,0.3509,1.0084,0.1395,0.2729,1.7645,0.1923,0.0,2.0359,0.6667,104,20,2,3
session_2026-08-15_18-32-15.csv,Phileas-PC-167800BF4,Phileas,0,,134.8064,43.8952,99.5998,8.602,9.8837,143,0.0007,249.1549,600.0,0.4154,0.0,2.9756,0.0425,0.0337,0.1978,0.5091,1.5949,0.1395,0.0,1.3352,1.0,215,30,3,3
session_2026-08-15_18-35-05.csv,Phileas-PC-167800BF4,Phileas,0,,129.7708,58.665,111.4608,7.1768,8.4599,235,0.0008,389.2847,600.0,0.5317,0.0,2.9622,0.1314,0.3943,0.1935,0.4664,2.5198,0.2324,0.0,3.6988,2.0,327,76,8,4
session_2026-08-15_18-35-05.csv,MBurgerPC-C08954A945,Maxi,0,,114.605,44.7131,73.0642,9.6804,10.7896,115,0.0,473.2674,600.0,0.6195,0.0,2.9243,0.3112,0.6347,0.4027,0.5871,1.5706,0.2722,0.0,4.1883,1.1429,180,49,8,7
session_2026-08-15_18-35-05.csv,Stacjonarny-CA89EB15,Mateusz,0,,115.5736,43.0417,81.9861,7.0558,7.7333,37,0.0,357.3339,600.0,0.4499,0.0,2.9962,0.2339,0.2027,0.4496,0.632,0.6316,0.2192,0.0,1.5574,0.5,73,16,3,6
session_2026-08-15_18-35-05.csv,RF-MS1-1-EF024FED46C,Nikolay,0,,119.8502,57.8113,90.5149,9.3447,10.6231,398,0.0,414.398,600.0,0.4673,0.0,2.9601,0.0817,0.2806,0.1603,0.4251,4.7726,0.208,0.0,3.5044,1.1667,572,119,7,6
session_2026-08-15_18-41-02.csv,Phileas-PC-167800BF4,Phileas,0,,103.8518,78.9684,119.0585,7.5551,8.7576,254,0.0,490.8917,600.0,0.5585,0.0,2.991,0.1608,0.7023,0.152,0.539,3.1487,0.1927,0.0,4.622,1.3333,327,63,8,6
session_2026-08-15_18-41-02.csv,Stacjonarny-CA89EB15,Mateusz,0,,124.8002,37.2425,70.3688,4.2245,6.6972,217,0.0,292.1667,600.0,0.4728,0.0,2.8931,0.1756,0.6249,0.19,0.8458,2.6683,0.2282,0.0,2.8846,1.2,333,76,6,5
session_2026-08-15_18-41-02.csv,MBurgerPC-C08954A945,Maxi,0,,114.6465,3.9363,29.4608,3.3745,2.5141,96,0.0,6.9795,600.0,0.0087,0.0,0.7345,0.039,0.0571,0.1005,0.0034,0.8374,0.2396,0.0,1.0467,0.2857,96,23,2,7
session_2026-08-15_18-41-02.csv,RF-MS1-1-EF024FED46C,Nikolay,0,,124.7677,70.4128,94.0827,9.5225,10.3234,509,0.0,488.3803,600.0,0.7774,0.0,2.9844,0.0708,0.3068,0.146,0.484,5.3459,0.2204,0.0,4.8089,2.0,667,147,10,5
session_2026-08-15_18-43-52.csv,Phileas-PC-167800BF4,Phileas,1,triggerbot,119.6232,51.8489,111.4997,3.8199,7.0514,153,0.0008,381.4285,600.0,0.5935,0.0,2.9667,0.1573,0.4744,0.269,0.6347,1.4462,0.3526,0.0,2.5079,0.8333,173,61,5,6
session_2026-08-15_18-43-52.csv,Stacjonarny-CA89EB15,Mateusz,0,,89.3901,61.9882,98.2851,9.5026,10.4034,184,0.0011,472.3384,600.0,0.6153,0.0,2.9969,0.2078,0.5664,0.1996,0.371,2.6066,0.1931,0.0,2.6849,0.8,233,45,4,5
session_2026-08-15_18-43-52.csv,MBurgerPC-C08954A945,Maxi,0,,133.9633,25.3279,55.3453,6.2784,7.9446,217,0.0,309.5441,600.0,0.321,0.0,2.9138,0.1191,0.1773,0.2038,0.4095,2.5828,0.1734,0.0,3.1352,2.3333,346,60,7,3
session_2026-08-15_18-43-52.csv,RF-MS1-1-EF024FED46C,Nikolay,0,,80.0051,71.5926,100.6685,12.6183,10.284,241,0.0,444.7871,600.0,0.5625,0.0,2.9792,0.2129,0.6409,0.1266,0.2556,5.1997,0.1202,0.0,2.9998,0.6667,416,50,4,6
session_2026-08-15_18-46-42.csv,Stacjonarny-CA89EB15,Mateusz,0,,114.6864,48.1783,82.3148,11.4718,12.0376,471,0.0,411.9853,600.0,0.5319,0.0,2.8306,0.0648,0.1521,0.1073,0.1211,6.3041,0.1148,0.0,3.139,0.8571,723,83,6,7
session_2026-08-15_18-46-42.csv,Phileas-PC-167800BF4,Phileas,0,,124.7861,63.4241,99.2394,8.05,9.7683,232,0.0008,520.9775,600.0,0.4167,0.0,2.9684,0.1337,0.3407,0.2528,0.7936,2.6205,0.1957,0.0,2.8849,1.2,327,64,6,5
session_2026-08-15_18-46-42.csv,MBurgerPC-C08954A945,Maxi,0,,134.8461,16.1522,49.1462,11.6379,10.696,75,0.0,211.2414,600.0,0.2373,0.0,2.8811,0.1297,0.1482,0.4053,0.3918,0.7564,0.2059,0.0,1.3349,1.0,102,21,3,3
session_2026-08-15_18-46-42.csv,RF-MS1-1-EF024FED46C,Nikolay,0,,119.26,64.5327,94.3407,12.714,12.9575,370,0.0,525.9014,600.0,0.6205,0.0,2.9958,0.0412,0.0617,0.1341,0.3003,5.2071,0.1353,0.0,3.0186,0.8571,621,84,6,7
session_2026-08-15_18-49-33.csv,Stacjonarny-CA89EB15,Mateusz,0,,78.7452,31.8789,69.2168,11.5401,11.5418,113,0.0,223.299,600.0,0.4572,0.0,2.9452,0.331,0.9942,0.1004,0.0026,2.1208,0.1796,0.0,1.5239,0.3333,167,30,2,6
session_2026-08-15_18-49-33.csv,Phileas-PC-167800BF4,Phileas,0,,119.7375,63.4962,107.697,11.8662,11.1357,250,0.0008,384.7922,600.0,0.4092,0.0,2.9606,0.1035,0.2752,0.1419,0.4427,2.5639,0.1498,0.0,3.0066,1.0,307,46,6,6
session_2026-08-15_18-49-33.csv,MBurgerPC-C08954A945,Maxi,1,aimbot+triggerbot,119.6673,51.3808,127.8423,6.9399,11.9395,301,0.0067,375.4861,600.0,0.7437,0.0,2.9824,0.0859,0.1277,0.1934,0.6207,3.0585,0.265,0.0,4.0111,1.3333,366,97,8,6
session_2026-08-15_18-49-33.csv,RF-MS1-1-EF024FED46C,Nikolay,0,,117.3967,54.6701,84.1333,12.2329,12.4846,385,0.0,471.5191,600.0,0.4344,0.0,2.9926,0.0775,0.2761,0.1562,0.5921,4.5402,0.1576,0.0,4.0887,1.3333,533,84,8,6
session_2026-08-15_18-52-23.csv,Stacjonarny-CA89EB15,Mateusz,0,,104.8408,42.3035,70.8795,10.9474,13.3077,243,0.0,426.1951,600.0,0.4674,0.0,2.927,0.1395,0.6419,0.1434,0.392,3.3289,0.1547,0.0,4.0061,1.4,349,54,7,5
session_2026-08-15_18-52-23.csv,Phileas-PC-167800BF4,Phileas,0,,124.5967,64.2933,96.3195,6.5994,8.9191,318,0.0,524.284,600.0,0.5458,0.0,2.9908,0.1692,0.5653,0.2198,0.6786,3.1943,0.2312,0.0,4.334,1.8,398,92,9,5
session_2026-08-15_18-52-23.csv,MBurgerPC-C08954A945,Maxi,0,,124.802,30.1791,69.286,7.0685,9.9754,165,0.0,320.3897,600.0,0.3766,0.0,2.9485,0.0769,0.0876,0.2059,0.6371,1.7788,0.1712,0.0,0.9615,0.4,222,38,2,5
session_2026-08-15_18-52-23.csv,RF-MS1-1-EF024FED46C,Nikolay,0,,96.8979,55.5431,91.7382,11.1598,12.3417,179,0.0,472.9959,600.0,0.2064,0.0,2.9172,0.0207,0.0596,0.1966,0.6903,2.322,0.16,0.0,1.8576,0.6,225,36,3,5
session_2026-08-15_18-58-29.csv,Phileas-PC-167800BF4,Phileas,0,,124.8119,62.6126,96.7123,7.9559,10.0986,280,0.0,518.1175,600.0,0.3045,0.0,2.9913,0.2005,0.6379,0.2319,0.7499,2.9164,0.2527,0.0,4.8072,2.0,364,92,10,5
session_2026-08-15_18-58-29.csv,RF-MS1-1-EF024FED46C,Nikolay,0,,114.6265,59.9386,88.0187,8.4054,10.0985,298,0.0,505.2382,600.0,0.4013,0.0,2.9681,0.1413,0.6114,0.1459,0.3373,3.2715,0.2107,0.0,2.6172,0.7143,375,79,5,7
session_2026-08-15_18-58-29.csv,Stacjonarny-CA89EB15,Mateusz,0,,123.3368,40.3399,72.7064,7.5104,10.0666,279,0.0,387.6067,600.0,0.3405,0.0,2.9099,0.0592,0.0393,0.1976,1.1573,3.0405,0.2,0.0,3.8918,1.3333,375,75,8,6
session_2026-08-15_18-58-29.csv,MBurgerPC-C08954A945,Maxi,0,,104.3884,48.8112,89.203,12.9307,13.1298,204,0.0,410.1424,600.0,0.5844,0.0,2.9413,0.1713,0.1667,0.1969,0.2058,2.3853,0.2249,0.0,1.7243,0.3333,249,56,3,9
session_2026-08-15_19-01-19.csv,Phileas-PC-167800BF4,Phileas,1,aimbot,144.9351,46.1716,150.3328,7.1175,10.1657,406,0.0124,381.0363,600.0,0.345,0.0,2.9682,0.082,0.2289,0.1532,0.279,4.0294,0.2089,0.0,4.9677,12.0,584,122,12,1
session_2026-08-15_19-01-19.csv,RF-MS1-1-EF024FED46C,Nikolay,0,,99.6086,69.4953,108.9963,8.2021,8.0901,106,0.0,445.7659,600.0,0.7429,0.0,2.9716,0.1372,0.4749,0.1851,0.4962,2.0581,0.1659,0.0,2.4094,0.4,205,34,4,10
session_2026-08-15_19-01-19.csv,Stacjonarny-CA89EB15,Mateusz,0,,114.7156,38.9402,78.5812,9.9121,10.1827,112,0.0,285.7016,600.0,0.4097,0.0,2.8403,0.3565,0.8451,0.1769,0.6872,1.6214,0.1774,0.0,1.5691,0.4286,186,33,3,7
session_2026-08-15_19-01-19.csv,MBurgerPC-C08954A945,Maxi,0,,118.5325,31.2941,72.1839,10.0001,11.9243,141,0.0,296.4347,632.8181,0.4303,0.0008,2.8454,0.1746,0.3307,0.2363,0.3194,1.8898,0.2054,0.0,2.531,0.7143,224,46,5,7
session_2026-08-15_19-04-09.csv,Phileas-PC-167800BF4,Phileas,0,,129.8027,72.8684,96.8053,15.6356,13.3152,308,0.0,519.8441,600.0,0.6009,0.0,2.9831,0.253,0.7233,0.1988,0.5194,3.7056,0.0894,0.0,2.7734,1.5,481,43,6,4
session_2026-08-15_19-04-09.csv,RF-MS1-1-EF024FED46C,Nikolay,0,,139.9944,38.7742,83.02,6.9831,8.9129,216,0.0,247.0251,600.0,0.7,0.0,2.9451,0.1116,0.5091,0.2143,0.9395,2.8358,0.1889,0.0,2.5715,3.0,397,75,6,2
session_2026-08-15_19-04-09.csv,Stacjonarny-CA89EB15,Mateusz,0,,119.6725,41.4351,81.7996,11.6675,13.1828,202,0.0,305.4763,600.0,0.6936,0.0,2.8502,0.2944,0.9241,0.181,0.6309,2.9831,0.1092,0.0,1.5041,0.5,357,39,3,6
session_2026-08-15_19-04-09.csv,MBurgerPC-C08954A945,Maxi,0,,124.6529,30.9656,70.0637,9.6106,9.9066,164,0.0,291.8854,600.0,0.4412,0.0,2.8282,0.081,0.0982,0.2241,0.4374,2.0216,0.131,0.0,0.9627,0.4,252,33,2,5
session_2026-08-15_19-06-59.csv,Phileas-PC-167800BF4,Phileas,0,,104.5897,46.2722,98.2136,10.0993,10.9452,112,0.0,364.579,600.0,0.3729,0.0,2.9164,0.0812,0.09,0.1798,0.3519,1.6923,0.2034,0.0,1.1473,0.2222,177,36,2,9
session_2026-08-15_19-06-59.csv,RF-MS1-1-EF024FED46C,Nikolay,1,godmode+aimbot,150.0165,65.2326,203.6241,7.7111,9.98,602,0.0247,396.3189,600.0,0.8799,0.0,2.9748,0.0473,0.0626,0.155,0.5389,6.3126,0.1816,0.0,7.1992,18.0,947,172,18,0
session_2026-08-15_19-06-59.csv,Stacjonarny-CA89EB15,Mateusz,0,,104.3511,45.1796,88.946,13.0805,13.6273,105,0.0,346.3925,600.0,0.4025,0.0,2.9027,0.3051,0.6101,0.2681,0.5877,1.332,0.1295,0.0,0.575,0.1,139,18,1,10
session_2026-08-15_19-06-59.csv,MBurgerPC-C08954A945,Maxi,0,,118.619,33.4485,75.0486,12.3904,11.4539,243,0.0,316.7043,600.0,0.3204,0.0,2.9289,0.0868,0.0722,0.1565,0.2981,2.4785,0.1156,0.0,1.5175,0.4286,294,34,3,7
session_2026-08-15_19-09-49.csv,Phileas-PC-167800BF4,Phileas,0,,123.6692,64.6711,95.5512,5.6883,6.6707,227,0.0,461.5536,600.0,0.4205,0.0,2.9761,0.2964,0.8655,0.2406,0.8482,2.4824,0.228,0.0,4.3665,1.5,307,70,9,6
session_2026-08-15_19-09-49.csv,RF-MS1-1-EF024FED46C,Nikolay,0,,123.47,62.2916,92.5636,10.9563,11.8675,344,0.0008,423.7733,600.0,0.6155,0.0,2.9819,0.1381,0.5745,0.1672,0.4944,3.7742,0.1931,0.0,3.8876,2.0,466,90,8,4
session_2026-08-15_19-09-49.csv,Stacjonarny-CA89EB15,Mateusz,0,,119.6562,37.6953,66.6891,8.8627,8.8507,156,0.0,313.0088,600.0,0.4095,0.0,2.8675,0.1798,0.7165,0.186,0.7186,2.3651,0.1237,0.0,1.0029,0.3333,283,35,2,6
session_2026-08-15_19-09-49.csv,MBurgerPC-C08954A945,Maxi,0,,108.6642,32.8887,62.4636,9.3825,11.2858,128,0.0,338.0618,600.0,0.4325,0.0,2.9566,0.2447,0.6985,0.2915,0.5268,1.8405,0.16,0.0,1.1043,0.4,200,32,2,5
session_2026-08-15_19-13-05.csv,MBurgerPC-C08954A945,Maxi,1,aimbot+wallhack+triggerbot+godmode,144.9279,39.7984,147.4284,7.5838,12.1899,550,0.0117,243.4893,600.0,0.3864,0.0,2.9523,0.0509,0.0907,0.2078,0.7235,4.2435,0.2358,0.0,4.554,11.0,615,145,11,1
session_2026-08-15_19-13-05.csv,RF-MS1-1-EF024FED46C,Nikolay,0,,94.7566,52.6244,89.3913,19.3527,11.0618,47,0.0,324.4134,600.0,0.2111,0.0,2.9047,0.1471,0.0401,0.5603,2.9484,0.9709,0.0978,0.0,0.6332,0.0909,92,9,1,11
session_2026-08-15_19-13-05.csv,Stacjonarny-CA89EB15,Mateusz,0,,149.1408,34.1761,125.8006,6.8206,9.5912,594,0.0074,175.7983,600.0,0.3487,0.0,2.9798,0.0538,0.0743,0.1619,0.4741,5.5585,0.1665,0.0,4.4253,11.0,829,138,11,0
session_2026-08-15_19-13-05.csv,Phileas-PC-167800BF4,Phileas,0,,59.9617,80.1175,131.0729,4.4127,7.3998,68,0.0033,496.963,600.0,0.2668,0.0,2.9415,0.1148,0.2737,0.1034,0.0099,1.1507,0.2609,0.0,0.0,0.0,69,18,0,10
session_2026-08-15_19-15-55.csv,Phileas-PC-167800BF4,Phileas,0,,109.5815,51.1448,104.5814,8.2477,8.7717,109,0.0,300.8955,600.0,0.511,0.0,2.9274,0.0629,0.1031,0.262,0.9747,1.2502,0.1971,0.0,1.0951,0.6667,137,27,2,3
session_2026-08-15_19-15-55.csv,MBurgerPC-C08954A945,Maxi,0,,130.2694,33.015,68.7507,9.6239,10.7446,192,0.0,271.914,600.0,0.3531,0.0,2.9623,0.3716,0.9583,0.1747,0.3034,2.2722,0.1149,0.0,1.8423,1.3333,296,34,4,3
session_2026-08-15_19-15-55.csv,RF-MS1-1-EF024FED46C,Nikolay,0,,134.851,58.8972,95.8314,12.4119,10.7266,387,0.0,304.1742,600.0,1.2384,0.0,2.9601,0.1274,0.4766,0.2154,0.8932,3.8858,0.1698,0.0,1.7797,1.3333,524,89,4,3
session_2026-08-15_19-21-11.csv,Phileas-PC-167800BF4,Phileas,1,wallhack,117.5805,57.441,124.226,6.4371,8.7941,127,0.0017,332.6337,600.0,0.6209,0.0,2.9969,0.1499,0.4283,0.2497,0.7508,1.4373,0.2071,0.0,1.5309,0.4286,169,35,3,7
session_2026-08-15_19-21-11.csv,RF-MS1-1-EF024FED46C,Nikolay,0,,124.7654,77.6474,116.3207,10.8146,10.971,264,0.0,450.5491,600.0,1.4748,0.0,2.9805,0.176,0.5572,0.2968,2.2009,2.7572,0.218,0.0,2.4045,1.0,344,75,5,5
session_2026-08-15_19-21-11.csv,MBurgerPC-C08954A945,Maxi,0,,119.8133,39.0507,72.1612,10.393,11.1498,131,0.0,322.6375,600.0,0.5258,0.0,2.9662,0.2159,0.4055,0.3786,1.1687,1.4356,0.2442,0.0,2.0031,0.6667,172,42,4,6
session_2026-08-15_19-21-11.csv,Stacjonarny-CA89EB15,Mateusz,0,,141.1774,35.0954,72.1232,11.187,12.1693,338,0.0,238.1988,600.0,0.4958,0.0,2.8247,0.2055,0.6262,0.1956,0.7589,3.3362,0.1529,0.0,2.55,6.0,471,72,6,1
session_2026-08-15_19-24-01.csv,Phileas-PC-167800BF4,Phileas,0,,114.739,64.5767,107.8004,8.5245,8.5251,180,0.0009,400.4287,600.0,0.3922,0.0,2.8894,0.2004,0.5624,0.2393,0.5422,2.0307,0.2661,0.0,3.1376,0.8571,233,62,6,7
session_2026-08-15_19-24-01.csv,RF-MS1-1-EF024FED46C,Nikolay,0,,124.7906,73.4491,115.3665,11.9788,11.6404,325,0.0008,432.0812,600.0,1.4424,0.0,2.9677,0.2221,0.6306,0.1786,0.5186,4.167,0.1596,0.0,2.8848,1.2,520,83,6,5
session_2026-08-15_19-24-01.csv,MBurgerPC-C08954A945,Maxi,0,,109.6257,50.1402,83.5675,7.5321,9.4267,298,0.0,397.3159,600.0,0.447,0.0,2.9796,0.1089,0.3903,0.1426,0.3791,3.5484,0.1851,0.0,3.2839,0.75,389,72,6,8
session_2026-08-15_19-24-01.csv,Stacjonarny-CA89EB15,Mateusz,0,,133.6532,45.3855,87.9655,10.0547,11.9685,282,0.0,350.7785,600.0,0.8978,0.0,2.8127,0.1939,0.6209,0.2312,1.3062,3.554,0.1221,0.0,2.2446,1.25,475,58,5,4
session_2026-08-15_19-26-51.csv,Phileas-PC-167800BF4,Phileas,0,,114.6186,48.4091,95.3121,8.4994,9.3704,61,0.0,321.5061,600.0,0.3054,0.0,2.9727,0.4098,0.7965,0.2716,0.5158,0.6631,0.2368,0.0,0.0,0.0,76,18,0,7
session_2026-08-15_19-26-51.csv,RF-MS1-1-EF024FED46C,Nikolay,1,godmode,149.9475,43.4227,75.2219,10.5206,10.7609,291,0.0,330.9976,600.0,0.8003,0.0,2.9908,0.1216,0.5285,0.2408,0.8522,3.928,0.1426,0.0,1.6006,4.0,589,84,4,0
session_2026-08-15_19-26-51.csv,MBurgerPC-C08954A945,Maxi,0,,129.826,15.4471,55.2681,4.8878,5.4274,43,0.0,153.8051,600.0,0.1463,0.0,2.9063,0.4291,0.8717,0.1136,0.0627,0.4005,0.1538,0.0,0.0,0.0,52,8,0,4
session_2026-08-15_19-26-51.csv,Stacjonarny-CA89EB15,Mateusz,1,godmode,149.9475,25.4123,50.4883,10.5223,9.3739,607,0.0,204.5873,600.0,0.827,0.0,2.9047,0.0951,0.2361,0.1592,0.3977,6.0488,0.1025,0.0,2.801,7.0,907,93,7,0
