SessionFile,PlayerID,Person,Label,CheatType,RF_Probability,LR_Probability,RF_Label,LR_Label
session_2026-08-13_12-23-24.csv,Jacins-PC-6F2FC02F43,Jacin,0,,0.06226319133140722,0.1313412148937088,0,0
session_2026-08-13_12-23-24.csv,Phileas-PC-338CF49F4,Phileas,0,,0.12068528773672497,0.010469567534196223,0,0
session_2026-08-13_12-23-24.csv,Stacjonarny-CA89EB15,Mateusz,0,,0.11971412435413471,0.1939331969305911,0,0
session_2026-08-13_12-23-24.csv,Krystall-8CBC35F24BD,Peter,0,,0.10440746167802187,0.21756439298584737,0,0
session_2026-08-13_12-23-24.csv,DESKTOP-375SOSC-ECA1,Joni,0,,0.12734542491956746,0.1567453465225253,0,0
session_2026-08-13_12-26-14.csv,Jacins-PC-6F2FC02F43,Jacin,0,,0.030919046286296013,0.07334628787968592,0,0
session_2026-08-13_12-26-14.csv,Phileas-PC-338CF49F4,Phileas,0,,0.007395960170728633,0.027309529847015974,0,0
session_2026-08-13_12-26-14.csv,Stacjonarny-CA89EB15,Mateusz,0,,0.14546847080092962,0.4123594619300225,0,0
session_2026-08-13_12-26-14.csv,Krystall-8CBC35F24BD,Peter,0,,0.05602063024883279,0.1251259676415508,0,0
session_2026-08-13_12-26-14.csv,DESKTOP-375SOSC-ECA1,Joni,0,,0.08638590143357322,0.008870760079048998,0,0
session_2026-08-13_12-29-04.csv,Phileas-PC-338CF49F4,Phileas,0,,0.0694719801818782,0.005693333730862805,0,0
session_2026-08-13_12-29-04.csv,Stacjonarny-CA89EB15,Mateusz,0,,0.13744397711999984,0.3352100732473929,0,0
session_2026-08-13_12-29-04.csv,Krystall-8CBC35F24BD,Peter,0,,0.19819329311980022,0.23665141499549716,0,0
session_2026-08-13_12-29-04.csv,DESKTOP-375SOSC-ECA1,Joni,0,,0.18950215819775884,0.008125360636621079,0,0
session_2026-08-13_12-29-04.csv,LAPTOP-IN41KCMK-5468,Clemi,0,,0.16822196482474494,0.07597702734349082,0,0
session_2026-08-13_12-37-03.csv,Krystall-8CBC35F24BD,Peter,1,aimbot+wallhack+triggerbot,0.6788154357605827,0.8988342081411129,1,1
session_2026-08-13_12-37-03.csv,Stacjonarny-CA89EB15,Mateusz,0,,0.12091004835278796,0.3033199908230335,0,0
session_2026-08-13_12-37-03.csv,LAPTOP-IN41KCMK-5468,Clemi,0,,0.08360054431470439,0.02402337628719652,0,0
session_2026-08-13_12-37-03.csv,Phileas-PC-338CF49F4,Phileas,0,,0.15624675911225644,0.008423615687811104,0,0
session_2026-08-13_12-37-03.csv,DESKTOP-375SOSC-ECA1,Joni,0,,0.18176850395805216,0.16300899030453558,0,0
session_2026-08-13_12-41-33.csv,DESKTOP-375SOSC-ECA1,Joni,1,aimbot+triggerbot,0.4754943846488301,0.9462875509526679,1,1
session_2026-08-13_12-41-33.csv,Phileas-PC-338CF49F4,Phileas,0,,0.04214312896253396,0.01619591421628584,0,0
session_2026-08-13_12-41-33.csv,Krystall-8CBC35F24BD,Peter,0,,0.10650227194816372,0.5817308971409572,0,1
session_2026-08-13_12-41-33.csv,Stacjonarny-CA89EB15,Mateusz,0,,0.12178283008544839,0.3271845991289178,0,0
session_2026-08-13_12-41-33.csv,LAPTOP-IN41KCMK-5468,Clemi,0,,0.028414326178737924,0.2735446504332952,0,0
session_2026-08-13_12-44-52.csv,Stacjonarny-CA89EB15,Mateusz,0,,0.14790512337014086,0.20006499836894082,0,0
session_2026-08-13_12-44-52.csv,Phileas-PC-338CF49F4,Phileas,0,,0.023645264813168344,0.005823616048365942,0,0
session_2026-08-13_12-44-52.csv,Krystall-8CBC35F24BD,Peter,0,,0.11876305896468915,0.17911656332264964,0,0
session_2026-08-13_12-44-52.csv,DESKTOP-375SOSC-ECA1,Joni,0,,0.12539648531993053,0.13450342571683283,0,0
session_2026-08-13_12-44-52.csv,LAPTOP-IN41KCMK-5468,Clemi,0,,0.053765899871371835,0.16758140056241908,0,0
session_2026-08-13_12-47-42.csv,Stacjonarny-CA89EB15,Mateusz,0,,0.02918605536555256,0.12421813662240373,0,0
session_2026-08-13_12-47-42.csv,Phileas-PC-338CF49F4,Phileas,0,,0.1237704562685348,0.18774971135366098,0,0
session_2026-08-13_12-47-42.csv,Krystall-8CBC35F24BD,Peter,0,,0.20785607985558965,0.25892254993047537,1,0
session_2026-08-13_12-47-42.csv,DESKTOP-375SOSC-ECA1,Joni,0,,0.05462862883647209,0.04446634445244195,0,0
session_2026-08-13_12-47-42.csv,LAPTOP-IN41KCMK-5468,Clemi,0,,0.028795590734791758,0.19528188848933728,0,0
session_2026-08-13_12-51-13.csv,Phileas-PC-338CF49F4,Phileas,0,,0.025700456091216305,0.0027983627685861713,0,0
session_2026-08-13_12-51-13.csv,Stacjonarny-CA89EB15,Mateusz,0,,0.0998937117015224,0.11531466176506351,0,0
session_2026-08-13_12-51-13.csv,DESKTOP-375SOSC-ECA1,Joni,0,,0.13840459833438662,0.0647236907874518,0,0
session_2026-08-13_12-51-13.csv,Krystall-8CBC35F24BD,Peter,0,,0.09333179235385367,0.34148965199077286,0,0
session_2026-08-13_12-51-13.csv,LAPTOP-IN41KCMK-5468,Clemi,0,,0.184919953036079,0.4409876885413717,0,0
session_2026-08-13_12-54-03.csv,Phileas-PC-338CF49F4,Phileas,0,,0.012634771171653911,0.015110854307014698,0,0
session_2026-08-13_12-54-03.csv,Stacjonarny-CA89EB15,Mateusz,0,,0.08898945790610194,0.20232959527773056,0,0
session_2026-08-13_12-54-03.csv,DESKTOP-375SOSC-ECA1,Joni,0,,0.14877833437342747,0.22440126296911095,0,0
session_2026-08-13_12-54-03.csv,Krystall-8CBC35F24BD,Peter,0,,0.03118946785107122,0.2208860278145302,0,0
session_2026-08-13_12-54-03.csv,LAPTOP-IN41KCMK-5468,Clemi,0,,0.07669251707485407,0.21507470150851593,0,0
session_2026-08-13_12-56-54.csv,Phileas-PC-338CF49F4,Phileas,0,,0.1145861592966864,0.012286985456835995,0,0
session_2026-08-13_12-56-54.csv,Stacjonarny-CA89EB15,Mateusz,0,,0.14687639396828853,0.22547355826139454,0,0
session_2026-08-13_12-56-54.csv,DESKTOP-375SOSC-ECA1,Joni,0,,0.052429450083114594,0.00981649589858511,0,0
session_2026-08-13_12-56-54.csv,Krystall-8CBC35F24BD,Peter,0,,0.06217166658707387,0.3195534550023931,0,0
session_2026-08-13_12-56-54.csv,LAPTOP-IN41KCMK-5468,Clemi,0,,0.08640101900454626,0.16182038053744058,0,0
session_2026-08-13_12-59-44.csv,Phileas-PC-338CF49F4,Phileas,0,,0.09101537433286652,0.17241707812835558,0,0
session_2026-08-13_12-59-44.csv,Stacjonarny-CA89EB15,Mateusz,0,,0.13749505237520693,0.23588247799868606,0,0
session_2026-08-13_12-59-44.csv,DESKTOP-375SOSC-ECA1,Joni,0,,0.09083481911374043,0.05240789440580608,0,0
session_2026-08-13_12-59-44.csv,Krystall-8CBC35F24BD,Peter,0,,0.03636137210548797,0.0692559192556996,0,0
session_2026-08-13_12-59-44.csv,LAPTOP-IN41KCMK-5468,Clemi,0,,0.046421813747463465,0.4345836833861445,0,0
session_2026-08-13_13-02-34.csv,Phileas-PC-338CF49F4,Phileas,0,,0.004998576001437086,0.005835538929733312,0,0
session_2026-08-13_13-02-34.csv,Stacjonarny-CA89EB15,Mateusz,0,,0.03424375375971215,0.09672459256106983,0,0
session_2026-08-13_13-02-34.csv,DESKTOP-375SOSC-ECA1,Joni,0,,0.09272010585300966,0.06524223619972476,0,0
session_2026-08-13_13-02-34.csv,Krystall-8CBC35F24BD,Peter,0,,0.02932932226656467,0.17633458342612035,0,0
session_2026-08-13_13-02-34.csv,LAPTOP-IN41KCMK-5468,Clemi,0,,0.018250551043935866,0.01544446764617848,0,0
session_2026-08-13_19-43-23.csv,MBurgerPC-C08954A945,Maxi,0,,0.02676617740673353,0.259666249446014,0,0
session_2026-08-13_19-43-23.csv,Phileas-PC-167800BF4,Phileas,0,,0.028975621833610576,0.10769418459538553,0,0
session_2026-08-13_19-43-23.csv,Stacjonarny-CA89EB15,Mateusz,0,,0.1133699348458228,0.07521440436111208,0,0
session_2026-08-13_19-43-23.csv,RF-MS1-1-EF024FED46C,Nikolay,0,,0.010570931027337239,0.08817728039858537,0,0
session_2026-08-13_19-46-13.csv,MBurgerPC-C08954A945,Maxi,1,aimbot,0.017458507540790407,0.029311017206345845,0,0
session_2026-08-13_19-46-13.csv,Phileas-PC-167800BF4,Phileas,0,,0.02113887947402116,0.05721394271299485,0,0
session_2026-08-13_19-46-13.csv,Stacjonarny-CA89EB15,Mateusz,0,,0.13609846562950098,0.389019336299182,0,0
session_2026-08-13_19-46-13.csv,RF-MS1-1-EF024FED46C,Nikolay,0,,0.03439190522642699,0.017744559759875718,0,0
session_2026-08-13_19-49-20.csv,MBurgerPC-C08954A945,Maxi,0,,0.016358689479438082,0.002139709243957383,0,0
session_2026-08-13_19-49-20.csv,Phileas-PC-167800BF4,Phileas,0,,0.050463703331407726,0.032079750617364754,0,0
session_2026-08-13_19-49-20.csv,Stacjonarny-CA89EB15,Mateusz,1,aimbot+wallhack+triggerbot+godmode,0.7416808829224575,0.8999150131547993,1,1
session_2026-08-13_19-49-20.csv,RF-MS1-1-EF024FED46C,Nikolay,0,,0.24215419770386024,0.43771374387960194,1,0
session_2026-08-13_19-52-40.csv,Stacjonarny-CA89EB15,Mateusz,0,,0.04165951188155229,0.03146354759299868,0,0
session_2026-08-13_19-52-40.csv,Phileas-PC-167800BF4,Phileas,0,,0.027891052587623262,0.0023561679739358453,0,0
session_2026-08-13_19-52-40.csv,MBurgerPC-C08954A945,Maxi,0,,0.12487411483948571,0.6453708396169855,0,1
session_2026-08-13_19-52-40.csv,RF-MS1-1-EF024FED46C,Nikolay,0,,0.03829563138460013,0.23673518951443814,0,0
session_2026-08-13_19-55-30.csv,Stacjonarny-CA89EB15,Mateusz,0,,0.10279171457706324,5.254196818831397e-06,0,0
session_2026-08-13_19-55-30.csv,Phileas-PC-167800BF4,Phileas,0,,0.2041091490856542,0.08451104714540254,1,0
session_2026-08-13_19-55-30.csv,MBurgerPC-C08954A945,Maxi,0,,0.038188761536325014,0.008213922216720494,0,0
session_2026-08-13_19-55-30.csv,RF-MS1-1-EF024FED46C,Nikolay,1,triggerbot+godmode,0.2891834828052858,0.5148802665742324,1,1
session_2026-08-13_19-58-20.csv,RF-MS1-1-EF024FED46C,Nikolay,0,,0.09542039101056266,0.0002313670968496012,0,0
session_2026-08-13_19-58-20.csv,MBurgerPC-C08954A945,Maxi,0,,0.04571374324369315,0.20752544073725399,0,0
session_2026-08-13_19-58-20.csv,Stacjonarny-CA89EB15,Mateusz,0,,0.12083129449460557,0.010585044104822751,0,0
session_2026-08-13_19-58-20.csv,Phileas-PC-167800BF4,Phileas,0,,0.06328386561134802,0.0005936556561136345,0,0
session_2026-08-13_20-01-10.csv,RF-MS1-1-EF024FED46C,Nikolay,0,,0.15474619837037057,0.12192454387937617,0,0
session_2026-08-13_20-01-10.csv,MBurgerPC-C08954A945,Maxi,1,wallhack,0.005668795161275007,0.0012738632537629385,0,0
session_2026-08-13_20-01-10.csv,Phileas-PC-167800BF4,Phileas,0,,0.008766092524813817,0.0023034703863900477,0,0
session_2026-08-13_20-01-10.csv,Stacjonarny-CA89EB15,Mateusz,0,,0.07870346962843859,0.031286591470551225,0,0
session_2026-08-13_20-04-00.csv,RF-MS1-1-EF024FED46C,Nikolay,0,,0.028935338514756808,0.1342668309779067,0,0
session_2026-08-13_20-04-00.csv,MBurgerPC-C08954A945,Maxi,0,,0.12462006922037638,0.09937216492504489,0,0
session_2026-08-13_20-04-00.csv,Phileas-PC-167800BF4,Phileas,0,,0.06796647901055,0.06584447225073932,0,0
session_2026-08-13_20-04-00.csv,Stacjonarny-CA89EB15,Mateusz,0,,0.078356182178034,0.07620741442459564,0,0
session_2026-08-13_20-06-50.csv,RF-MS1-1-EF024FED46C,Nikolay,0,,0.0726989437475846,0.032871312480854765,0,0
session_2026-08-13_20-06-50.csv,MBurgerPC-C08954A945,Maxi,0,,0.03871278409437561,0.4224047520435657,0,0
session_2026-08-13_20-06-50.csv,Phileas-PC-167800BF4,Phileas,0,,0.037712687308907526,0.044055884576138696,0,0
session_2026-08-13_20-06-50.csv,Stacjonarny-CA89EB15,Mateusz,0,,0.06644664120005991,0.26826063160070834,0,0
session_2026-08-13_20-10-52.csv,MBurgerPC-C08954A945,Maxi,0,,0.047483150470324385,0.21790861327230582,0,0
session_2026-08-13_20-10-52.csv,Phileas-PC-167800BF4,Phileas,0,,0.02724081368272139,0.0766707101771232,0,0
session_2026-08-13_20-10-52.csv,RF-MS1-1-EF024FED46C,Nikolay,0,,0.09967455077232665,0.039601609224035626,0,0
session_2026-08-13_20-10-52.csv,Stacjonarny-CA89EB15,Mateusz,0,,0.061428916813728876,0.2280784965944625,0,0
session_2026-08-13_20-13-42.csv,RF-MS1-1-EF024FED46C,Nikolay,0,,0.07391398664978303,0.31148072928162496,0,0
session_2026-08-13_20-13-42.csv,Phileas-PC-167800BF4,Phileas,1,wallhack,0.09629896099554938,0.10654751377628158,0,0
session_2026-08-13_20-13-42.csv,Stacjonarny-CA89EB15,Mateusz,0,,0.09764749328792346,0.11825817152791666,0,0
session_2026-08-13_20-13-42.csv,MBurgerPC-C08954A945,Maxi,0,,0.18822578559716302,0.08665405175309134,0,0
session_2026-08-13_20-16-32.csv,Phileas-PC-167800BF4,Phileas,0,,0.022085271530879004,0.06562318360166089,0,0
session_2026-08-13_20-16-32.csv,RF-MS1-1-EF024FED46C,Nikolay,0,,0.03247345328855528,0.16251775044664912,0,0
session_2026-08-13_20-16-32.csv,Stacjonarny-CA89EB15,Mateusz,0,,0.2291286590873149,0.2076378122198761,1,0
session_2026-08-13_20-16-32.csv,MBurgerPC-C08954A945,Maxi,0,,0.00541830517862088,0.08036407695466154,0,0
session_2026-08-13_20-19-22.csv,RF-MS1-1-EF024FED46C,Nikolay,0,,0.21050269674546662,0.000940161118106207,1,0
session_2026-08-13_20-19-22.csv,Phileas-PC-167800BF4,Phileas,0,,0.14764272648080506,0.0466784649270545,0,0
session_2026-08-13_20-19-22.csv,Stacjonarny-CA89EB15,Mateusz,0,,0.07673567390779482,0.0049679358836530515,0,0
session_2026-08-13_20-19-22.csv,MBurgerPC-C08954A945,Maxi,0,,0.05956411069162234,0.20915789924546374,0,0
session_2026-08-13_20-22-12.csv,RF-MS1-1-EF024FED46C,Nikolay,1,godmode+triggerbot,0.337848351503577,0.8935377906585273,1,1
session_2026-08-13_20-22-12.csv,Phileas-PC-167800BF4,Phileas,0,,0.22337346437402292,0.06896110908409912,1,0
session_2026-08-13_20-22-12.csv,Stacjonarny-CA89EB15,Mateusz,0,,0.11771346334018577,0.458188597115979,0,0
session_2026-08-13_20-22-12.csv,MBurgerPC-C08954A945,Maxi,0,,0.0752131492464091,0.14412712030299368,0,0
session_2026-08-13_20-25-02.csv,RF-MS1-1-EF024FED46C,Nikolay,0,,0.036323034002521605,0.10208299650624028,0,0
session_2026-08-13_20-25-02.csv,MBurgerPC-C08954A945,Maxi,0,,0.09934208489485223,0.0020147882263319575,0,0
session_2026-08-13_20-25-02.csv,Phileas-PC-167800BF4,Phileas,0,,0.047314980728406855,0.013970057673394442,0,0
session_2026-08-13_20-25-02.csv,Stacjonarny-CA89EB15,Mateusz,0,,0.05832905451157814,0.09070241320477863,0,0
session_2026-08-13_20-27-53.csv,RF-MS1-1-EF024FED46C,Nikolay,0,,0.05513415604615553,0.1408821967612944,0,0
session_2026-08-13_20-27-53.csv,MBurgerPC-C08954A945,Maxi,1,aimbot,0.25685544279897654,0.7950669679046921,1,1
session_2026-08-13_20-27-53.csv,Phileas-PC-167800BF4,Phileas,1,wallhack,0.013583584098200046,0.07682445034094737,0,0
session_2026-08-13_20-27-53.csv,Stacjonarny-CA89EB15,Mateusz,0,,0.029151214562318235,0.04621984648253387,0,0
session_2026-08-13_20-40-09.csv,Phileas-PC-167800BF4,Phileas,1,aimbot,0.5230945684194153,0.8625702949074073,1,1
session_2026-08-13_20-40-09.csv,MBurgerPC-C08954A945,Maxi,0,,0.012765930286216315,0.07106973837061996,0,0
session_2026-08-13_20-40-09.csv,Stacjonarny-CA89EB15,Mateusz,0,,0.11431374741785486,0.5391821902809593,0,1
session_2026-08-13_20-40-09.csv,RF-MS1-1-EF024FED46C,Nikolay,0,,0.05300706163401421,0.1295973385282875,0,0
session_2026-08-13_20-42-59.csv,Phileas-PC-167800BF4,Phileas,0,,0.014828149100314603,0.008203393709624557,0,0
session_2026-08-13_20-42-59.csv,MBurgerPC-C08954A945,Maxi,0,,0.02531478885951896,0.02254559394860694,0,0
session_2026-08-13_20-42-59.csv,Stacjonarny-CA89EB15,Mateusz,0,,0.08026796772490319,0.012666103540917736,0,0
session_2026-08-13_20-42-59.csv,RF-MS1-1-EF024FED46C,Nikolay,0,,0.07008090839333869,0.12779835728926758,0,0
session_2026-08-13_20-45-49.csv,Phileas-PC-167800BF4,Phileas,0,,0.016604594712648253,0.012473290643646565,0,0
session_2026-08-13_20-45-49.csv,MBurgerPC-C08954A945,Maxi,0,,0.002799407114624506,0.002792452463599728,0,0
session_2026-08-13_20-45-49.csv,Stacjonarny-CA89EB15,Mateusz,0,,0.0336893600234997,0.1264003932961936,0,0
session_2026-08-13_20-45-49.csv,RF-MS1-1-EF024FED46C,Nikolay,0,,0.2589356828056641,0.41857645831562984,1,0
session_2026-08-13_20-48-39.csv,Phileas-PC-167800BF4,Phileas,0,,0.10498967685181623,0.24565575388696734,0,0
session_2026-08-13_20-48-39.csv,MBurgerPC-C08954A945,Maxi,0,,0.07110553401996633,0.0273578665462084,0,0
session_2026-08-13_20-48-39.csv,RF-MS1-1-EF024FED46C,Nikolay,1,aimbot+wallhack+triggerbot+godmode,0.7775139757070322,0.8984193366187029,1,1
session_2026-08-14_14-25-16.csv,Phileas-PC-167800BF4,Phileas,0,,0.031933675368465045,0.09686228890630713,0,0
session_2026-08-14_14-25-16.csv,Stacjonarny-CA89EB15,Mateusz,0,,0.04984357916557116,0.19882469988029844,0,0
session_2026-08-14_14-25-16.csv,RF-MS1-1-EF024FED46C,Nikolay,0,,0.049878970227167516,0.18667781758535357,0,0
session_2026-08-14_14-25-16.csv,LAPTOP-IN41KCMK-5468,Clemi,0,,0.08023853512247427,0.24829581859268007,0,0
session_2026-08-14_14-28-06.csv,Phileas-PC-167800BF4,Phileas,0,,0.04129802825122102,0.002159643175329325,0,0
session_2026-08-14_14-28-06.csv,Stacjonarny-CA89EB15,Mateusz,0,,0.1774775296873676,0.213757487250946,0,0
session_2026-08-14_14-28-06.csv,RF-MS1-1-EF024FED46C,Nikolay,0,,0.011492788152948945,0.1584197789792669,0,0
session_2026-08-14_14-28-06.csv,LAPTOP-IN41KCMK-5468,Clemi,1,aimbot,0.4931419451844231,0.9645991333165096,1,1
session_2026-08-14_14-30-56.csv,MBurgerPC-C08954A945,Maxi,0,,0.06771923543055956,0.18175175929670714,0,0
session_2026-08-14_14-30-56.csv,Phileas-PC-167800BF4,Phileas,0,,0.14710134785629128,0.050475091320787945,0,0
session_2026-08-14_14-30-56.csv,Stacjonarny-CA89EB15,Mateusz,0,,0.04196952023071269,0.11530915936780028,0,0
session_2026-08-14_14-30-56.csv,RF-MS1-1-EF024FED46C,Nikolay,0,,0.05281375802790169,0.23704833804728268,0,0
session_2026-08-14_14-30-56.csv,LAPTOP-IN41KCMK-5468,Clemi,0,,0.026780162816365055,0.42669086025545033,0,0
session_2026-08-14_14-33-46.csv,MBurgerPC-C08954A945,Maxi,0,,0.023029312099988132,4.433947150091833e-05,0,0
session_2026-08-14_14-33-46.csv,Phileas-PC-167800BF4,Phileas,0,,0.12530721346170776,0.13123703282610516,0,0
session_2026-08-14_14-33-46.csv,Stacjonarny-CA89EB15,Mateusz,1,aimbot+triggerbot,0.09178385185807755,0.09221020007337012,0,0
session_2026-08-14_14-33-46.csv,RF-MS1-1-EF024FED46C,Nikolay,1,aimbot+wallhack+triggerbot+godmode,0.7821349908320461,0.9957718904694908,1,1
session_2026-08-14_14-33-46.csv,LAPTOP-IN41KCMK-5468,Clemi,0,,0.1580504626119827,0.4191900627004503,0,0
session_2026-08-14_14-40-47.csv,Phileas-PC-167800BF4,Phileas,0,,0.047020682688000415,0.061194947563008154,0,0
session_2026-08-14_14-40-47.csv,MBurgerPC-C08954A945,Maxi,0,,0.02277024670727345,0.002609225792627325,0,0
session_2026-08-14_14-40-47.csv,RF-MS1-1-EF024FED46C,Nikolay,0,,0.13426254721540373,0.2850116293024808,0,0
session_2026-08-14_14-40-47.csv,LAPTOP-IN41KCMK-5468,Clemi,0,,0.06746961572940469,0.20498846396415993,0,0
session_2026-08-14_14-43-37.csv,Phileas-PC-167800BF4,Phileas,1,aimbot,0.5727292989606675,0.9650635765059074,1,1
session_2026-08-14_14-43-37.csv,MBurgerPC-C08954A945,Maxi,0,,0.013258335682833425,0.3996366604782037,0,0
session_2026-08-14_14-43-37.csv,RF-MS1-1-EF024FED46C,Nikolay,0,,0.092645269088378,0.0775010075195474,0,0
session_2026-08-14_14-43-37.csv,LAPTOP-IN41KCMK-5468,Clemi,0,,0.005460126399078296,0.2281691088258604,0,0
session_2026-08-14_14-43-37.csv,Stacjonarny-CA89EB15,Mateusz,0,,0.04818974982933163,0.013302329936726243,0,0
session_2026-08-14_14-46-27.csv,Phileas-PC-167800BF4,Phileas,0,,0.030361054756754668,0.012681295373621764,0,0
session_2026-08-14_14-46-27.csv,MBurgerPC-C08954A945,Maxi,0,,0.11942009802311664,0.002663904623613226,0,0
session_2026-08-14_14-46-27.csv,RF-MS1-1-EF024FED46C,Nikolay,0,,0.05726461299343778,0.04142671588853565,0,0
session_2026-08-14_14-46-27.csv,LAPTOP-IN41KCMK-5468,Clemi,0,,0.0344344670959672,0.25707673909574436,0,0
session_2026-08-14_14-46-27.csv,Stacjonarny-CA89EB15,Mateusz,0,,0.08738981679240751,0.1320029205066499,0,0
session_2026-08-14_14-52-07.csv,Phileas-PC-167800BF4,Phileas,0,,0.0077967960032892985,0.08069236154610462,0,0
session_2026-08-14_14-52-07.csv,MBurgerPC-C08954A945,Maxi,0,,0.02556577183333527,7.802877286155793e-06,0,0
session_2026-08-14_14-52-07.csv,Stacjonarny-CA89EB15,Mateusz,0,,0.046267777682841,0.1080750151612824,0,0
session_2026-08-14_14-52-07.csv,RF-MS1-1-EF024FED46C,Nikolay,0,,0.1457266524489274,0.1525674147114294,0,0
session_2026-08-14_14-52-07.csv,LAPTOP-IN41KCMK-5468,Clemi,0,,0.08670367635536153,0.32688429840790406,0,0
session_2026-08-14_14-54-57.csv,Phileas-PC-167800BF4,Phileas,1,wallhack,0.022774371102806404,0.008305318030416448,0,0
session_2026-08-14_14-54-57.csv,MBurgerPC-C08954A945,Maxi,0,,0.003356459330143541,0.0017350884887404872,0,0
session_2026-08-14_14-54-57.csv,Stacjonarny-CA89EB15,Mateusz,0,,0.02338339279615573,0.09263341921326787,0,0
session_2026-08-14_14-54-57.csv,RF-MS1-1-EF024FED46C,Nikolay,0,,0.10213144547658892,0.42668530653022796,0,0
session_2026-08-14_14-54-57.csv,LAPTOP-IN41KCMK-5468,Clemi,0,,0.03079273577404331,0.14360410613870403,0,0
session_2026-08-14_14-57-47.csv,LAPTOP-IN41KCMK-5468,Clemi,0,,0.12038047635090716,0.4237291483864489,0,0
session_2026-08-14_14-57-47.csv,Phileas-PC-167800BF4,Phileas,0,,0.1374561015439289,0.003484143166548337,0,0
session_2026-08-14_14-57-47.csv,MBurgerPC-C08954A945,Maxi,0,,0.212377257971754,0.01578977640520956,1,0
session_2026-08-14_14-57-47.csv,Stacjonarny-CA89EB15,Mateusz,0,,0.1174879239947566,0.003276593741300394,0,0
session_2026-08-14_14-57-47.csv,RF-MS1-1-EF024FED46C,Nikolay,0,,0.06755119812436404,0.27417185619819356,0,0
session_2026-08-14_15-10-30.csv,Phileas-PC-167800BF4,Phileas,0,,0.1322483277337187,0.04016234647157101,0,0
session_2026-08-14_15-10-30.csv,RF-MS1-1-EF024FED46C,Nikolay,0,,0.06335904840504887,0.23786368454770884,0,0
session_2026-08-14_15-10-30.csv,Stacjonarny-CA89EB15,Mateusz,0,,0.18718781380623928,0.44725464553487104,0,0
session_2026-08-14_15-10-30.csv,MBurgerPC-1F26792842,Maxi,0,,0.04249621378719952,0.002656247500061967,0,0
session_2026-08-14_15-13-20.csv,Phileas-PC-167800BF4,Phileas,0,,0.0437420883319536,0.006011027133753141,0,0
session_2026-08-14_15-13-20.csv,RF-MS1-1-EF024FED46C,Nikolay,0,,0.08867970609542522,0.15075618217161088,0,0
session_2026-08-14_15-13-20.csv,Stacjonarny-CA89EB15,Mateusz,0,,0.05046211041810539,0.0729862495016348,0,0
session_2026-08-14_15-13-20.csv,MBurgerPC-1F26792842,Maxi,1,aimbot+triggerbot,0.01085145278835178,0.018194718445394144,0,0
session_2026-08-14_15-16-10.csv,Phileas-PC-167800BF4,Phileas,0,,0.1206361632789833,0.1389559998262138,0,0
session_2026-08-14_15-16-10.csv,RF-MS1-1-EF024FED46C,Nikolay,0,,0.1059450811663862,0.22745431183207182,0,0
session_2026-08-14_15-16-10.csv,Stacjonarny-CA89EB15,Mateusz,0,,0.02324173037526066,0.2615165589820942,0,0
session_2026-08-14_15-16-10.csv,MBurgerPC-1F26792842,Maxi,0,,0.09634525938383448,0.49521452431546253,0,0
session_2026-08-14_15-19-00.csv,Phileas-PC-167800BF4,Phileas,0,,0.0499031153141241,0.02356220186637831,0,0
session_2026-08-14_15-19-00.csv,MBurgerPC-1F26792842,Maxi,0,,0.0049650524816610905,0.035997258030806875,0,0
session_2026-08-14_15-19-00.csv,RF-MS1-1-EF024FED46C,Nikolay,0,,0.016029539754228214,0.1253789322487336,0,0
session_2026-08-14_15-19-00.csv,Stacjonarny-CA89EB15,Mateusz,0,,0.061793730930834886,0.16194645968960547,0,0
session_2026-08-14_15-21-50.csv,Phileas-PC-167800BF4,Phileas,0,,0.06467749816170412,0.0042369390258362736,0,0
session_2026-08-14_15-21-50.csv,RF-MS1-1-EF024FED46C,Nikolay,0,,0.09592050064067806,0.011048643695344553,0,0
session_2026-08-14_15-21-50.csv,Stacjonarny-CA89EB15,Mateusz,1,aimbot+wallhack+triggerbot+godmode,0.5989089727643678,0.7432091832801324,1,1
session_2026-08-14_15-24-40.csv,Phileas-PC-167800BF4,Phileas,0,,0.07589523307182643,0.8310468376541842,0,1
session_2026-08-14_15-24-40.csv,MBurgerPC-1F26792842,Maxi,0,,0.019804869074418904,0.0844559746527235,0,0
session_2026-08-14_15-24-40.csv,RF-MS1-1-EF024FED46C,Nikolay,0,,0.04843574384233012,0.3249472672171783,0,0
session_2026-08-14_15-24-40.csv,Stacjonarny-CA89EB15,Mateusz,0,,0.05567793587081736,0.07185770842990329,0,0
session_2026-08-14_15-37-31.csv,Phileas-PC-167800BF4,Phileas,0,,0.002856605449715442,0.015170447159971165,0,0
session_2026-08-14_15-37-31.csv,MBurgerPC-C8AB03D241,Maxi,0,,0.049306634308303524,0.03302261884035461,0,0
session_2026-08-14_15-37-31.csv,RF-MS1-1-EF024FED46C,Nikolay,0,,0.07433333264457882,0.04663459201635785,0,0
session_2026-08-14_15-37-31.csv,Stacjonarny-CA89EB15,Mateusz,0,,0.03157213874469396,0.10962746904100147,0,0
session_2026-08-14_15-40-21.csv,Phileas-PC-167800BF4,Phileas,0,,0.04468382564242017,0.009084771122556687,0,0
session_2026-08-14_15-40-21.csv,MBurgerPC-C8AB03D241,Maxi,0,,0.18649867173449078,0.000957247676282923,0,0
session_2026-08-14_15-40-21.csv,RF-MS1-1-EF024FED46C,Nikolay,0,,0.051866468800299416,0.04030171574484692,0,0
session_2026-08-14_15-40-21.csv,Stacjonarny-CA89EB15,Mateusz,0,,0.02808731461748799,0.10655309313043793,0,0
session_2026-08-14_15-43-11.csv,Phileas-PC-167800BF4,Phileas,0,,0.07923317739787634,0.34371784322102583,0,0
session_2026-08-14_15-43-11.csv,MBurgerPC-C8AB03D241,Maxi,0,,0.06826278060003657,0.006377051831880526,0,0
session_2026-08-14_15-43-11.csv,RF-MS1-1-EF024FED46C,Nikolay,0,,0.05595167499005884,0.09296355844075342,0,0
session_2026-08-14_15-43-11.csv,Stacjonarny-CA89EB15,Mateusz,0,,0.21860747521433632,0.2491162611171848,1,0
session_2026-08-15_18-26-35.csv,Phileas-PC-167800BF4,Phileas,0,,0.19514130087131779,0.1032306302482445,0,0
session_2026-08-15_18-26-35.csv,MBurgerPC-C08954A945,Maxi,0,,0.12789076489132564,0.12884350628184824,0,0
session_2026-08-15_18-26-35.csv,Stacjonarny-CA89EB15,Mateusz,0,,0.035028972604095945,0.07489469725788044,0,0
session_2026-08-15_18-26-35.csv,RF-MS1-1-EF024FED46C,Nikolay,0,,0.13051748870658292,0.38945730583092864,0,0
session_2026-08-15_18-29-25.csv,Phileas-PC-167800BF4,Phileas,0,,0.046262025891440864,0.18473186502584266,0,0
session_2026-08-15_18-29-25.csv,MBurgerPC-C08954A945,Maxi,1,aimbot+triggerbot,0.2556460640062203,0.8053812200719358,1,1
session_2026-08-15_18-29-25.csv,Stacjonarny-CA89EB15,Mateusz,0,,0.08172605979291046,0.25609180817588495,0,0
session_2026-08-15_18-29-25.csv,RF-MS1-1-EF024FED46C,Nikolay,0,,0.0705769499111934,0.14684529065989538,0,0
session_2026-08-15_18-32-15.csv,MBurgerPC-C08954A945,Maxi,0,,0.020015471006069208,0.07502212102138217,0,0
session_2026-08-15_18-32-15.csv,Stacjonarny-CA89EB15,Mateusz,0,,0.0824258127328603,0.10436677384099662,0,0
session_2026-08-15_18-32-15.csv,RF-MS1-1-EF024FED46C,Nikolay,0,,0.10441910404931962,0.0010273464022734712,0,0
session_2026-08-15_18-32-15.csv,Phileas-PC-167800BF4,Phileas,0,,0.05040122712056364,0.1693054440488155,0,0
session_2026-08-15_18-35-05.csv,Phileas-PC-167800BF4,Phileas,0,,0.036671909405061424,0.03944591930798675,0,0
session_2026-08-15_18-35-05.csv,MBurgerPC-C08954A945,Maxi,0,,0.04324960046603992,0.008783908164774265,0,0
session_2026-08-15_18-35-05.csv,Stacjonarny-CA89EB15,Mateusz,0,,0.17932408427209284,0.37056618218810666,0,0
session_2026-08-15_18-35-05.csv,RF-MS1-1-EF024FED46C,Nikolay,0,,0.16827378598936987,0.09255589765454739,0,0
session_2026-08-15_18-41-02.csv,Phileas-PC-167800BF4,Phileas,0,,0.12189271446238895,0.0015121803253246825,0,0
session_2026-08-15_18-41-02.csv,Stacjonarny-CA89EB15,Mateusz,0,,0.05316307595977826,0.31480909212587543,0,0
session_2026-08-15_18-41-02.csv,MBurgerPC-C08954A945,Maxi,0,,0.053484225698040774,5.069250249422951e-25,0,0
session_2026-08-15_18-41-02.csv,RF-MS1-1-EF024FED46C,Nikolay,0,,0.10178597920199076,0.07846232913683168,0,0
session_2026-08-15_18-43-52.csv,Phileas-PC-167800BF4,Phileas,1,triggerbot,0.17299518024959087,0.1646188704848485,0,0
session_2026-08-15_18-43-52.csv,Stacjonarny-CA89EB15,Mateusz,0,,0.058876701260614527,0.0148927063413451,0,0
session_2026-08-15_18-43-52.csv,MBurgerPC-C08954A945,Maxi,0,,0.025395440898837766,0.057198011708726425,0,0
session_2026-08-15_18-43-52.csv,RF-MS1-1-EF024FED46C,Nikolay,0,,0.030785749520695967,0.0005543268541257473,0,0
session_2026-08-15_18-46-42.csv,Stacjonarny-CA89EB15,Mateusz,0,,0.10534352147313741,0.011634303856062778,0,0
session_2026-08-15_18-46-42.csv,Phileas-PC-167800BF4,Phileas,0,,0.021638455260193045,0.026491655928307996,0,0
session_2026-08-15_18-46-42.csv,MBurgerPC-C08954A945,Maxi,0,,0.0105593428293199,0.0065898926673478965,0,0
session_2026-08-15_18-46-42.csv,RF-MS1-1-EF024FED46C,Nikolay,0,,0.14341967062098288,0.11565629702026232,0,0
session_2026-08-15_18-49-33.csv,Stacjonarny-CA89EB15,Mateusz,0,,0.08571583781139006,0.007582024882743765,0,0
session_2026-08-15_18-49-33.csv,Phileas-PC-167800BF4,Phileas,0,,0.054989446910396055,0.009544745512314186,0,0
session_2026-08-15_18-49-33.csv,MBurgerPC-C08954A945,Maxi,1,aimbot+triggerbot,0.5042276324497169,0.8995644707488262,1,1
session_2026-08-15_18-49-33.csv,RF-MS1-1-EF024FED46C,Nikolay,0,,0.15426150582141435,0.05321992455507831,0,0
session_2026-08-15_18-52-23.csv,Stacjonarny-CA89EB15,Mateusz,0,,0.05416678834718167,0.013570981049715025,0,0
session_2026-08-15_18-52-23.csv,Phileas-PC-167800BF4,Phileas,0,,0.029479792651263697,0.017590367378278182,0,0
session_2026-08-15_18-52-23.csv,MBurgerPC-C08954A945,Maxi,0,,0.004012810625833334,0.15196356410199288,0,0
session_2026-08-15_18-52-23.csv,RF-MS1-1-EF024FED46C,Nikolay,0,,0.03517196853476034,0.0028265700415874982,0,0
session_2026-08-15_18-58-29.csv,Phileas-PC-167800BF4,Phileas,0,,0.03136953049354775,0.020912367056462978,0,0
session_2026-08-15_18-58-29.csv,RF-MS1-1-EF024FED46C,Nikolay,0,,0.050599029835887196,0.19842064373612855,0,0
session_2026-08-15_18-58-29.csv,Stacjonarny-CA89EB15,Mateusz,0,,0.050193523081142374,0.09874852847589488,0,0
session_2026-08-15_18-58-29.csv,MBurgerPC-C08954A945,Maxi,0,,0.025506901910971817,0.03702078046595037,0,0
session_2026-08-15_19-01-19.csv,Phileas-PC-167800BF4,Phileas,1,aimbot,0.6899709362911611,0.9975459959496892,1,1
session_2026-08-15_19-01-19.csv,RF-MS1-1-EF024FED46C,Nikolay,0,,0.13470074634947388,0.14626292246097777,0,0
session_2026-08-15_19-01-19.csv,Stacjonarny-CA89EB15,Mateusz,0,,0.06319912194277708,0.13800519975220363,0,0
session_2026-08-15_19-01-19.csv,MBurgerPC-C08954A945,Maxi,0,,0.014661223463096723,0.001152312130100671,0,0
session_2026-08-15_19-04-09.csv,Phileas-PC-167800BF4,Phileas,0,,0.04836434461218987,0.01542511838371027,0,0
session_2026-08-15_19-04-09.csv,RF-MS1-1-EF024FED46C,Nikolay,0,,0.041862845810502675,0.26546463968289025,0,0
session_2026-08-15_19-04-09.csv,Stacjonarny-CA89EB15,Mateusz,0,,0.10335412681281957,0.09284174626075822,0,0
session_2026-08-15_19-04-09.csv,MBurgerPC-C08954A945,Maxi,0,,0.008720518850285354,0.001191083357658979,0,0
session_2026-08-15_19-06-59.csv,Phileas-PC-167800BF4,Phileas,0,,0.017118034781002444,0.04251747402940406,0,0
session_2026-08-15_19-06-59.csv,RF-MS1-1-EF024FED46C,Nikolay,1,godmode+aimbot,0.6345011012398774,0.9999920511504226,1,1
session_2026-08-15_19-06-59.csv,Stacjonarny-CA89EB15,Mateusz,0,,0.07314151908890201,0.1171507422701396,0,0
session_2026-08-15_19-06-59.csv,MBurgerPC-C08954A945,Maxi,0,,0.025417593409118554,0.009457643632177038,0,0
session_2026-08-15_19-09-49.csv,Phileas-PC-167800BF4,Phileas,0,,0.05670878085856358,0.03761556115189148,0,0
session_2026-08-15_19-09-49.csv,RF-MS1-1-EF024FED46C,Nikolay,0,,0.05715569316655571,0.048885695142291144,0,0
session_2026-08-15_19-09-49.csv,Stacjonarny-CA89EB15,Mateusz,0,,0.0806231319231971,0.05337944170384408,0,0
session_2026-08-15_19-09-49.csv,MBurgerPC-C08954A945,Maxi,0,,0.0015,0.023391307155634474,0,0
session_2026-08-15_19-13-05.csv,MBurgerPC-C08954A945,Maxi,1,aimbot+wallhack+triggerbot+godmode,0.6829180270313355,0.9994875894370201,1,1
session_2026-08-15_19-13-05.csv,RF-MS1-1-EF024FED46C,Nikolay,0,,0.022238633841993143,0.07621678107260424,0,0
session_2026-08-15_19-13-05.csv,Stacjonarny-CA89EB15,Mateusz,0,,0.7403908053770578,0.9261526083499609,1,1
session_2026-08-15_19-13-05.csv,Phileas-PC-167800BF4,Phileas,0,,0.2601587854139097,0.004583046104402022,1,0
session_2026-08-15_19-15-55.csv,Phileas-PC-167800BF4,Phileas,0,,0.0768221167043796,0.011622851964997166,0,0
session_2026-08-15_19-15-55.csv,MBurgerPC-C08954A945,Maxi,0,,0.011268491084090154,0.01232122961603083,0,0
session_2026-08-15_19-15-55.csv,RF-MS1-1-EF024FED46C,Nikolay,0,,0.046855237227829465,0.0890219144488998,0,0
session_2026-08-15_19-21-11.csv,Phileas-PC-167800BF4,Phileas,1,wallhack,0.2925663337076899,0.2699918479418734,1,0
session_2026-08-15_19-21-11.csv,RF-MS1-1-EF024FED46C,Nikolay,0,,0.03460687584428905,0.13278923657443684,0,0
session_2026-08-15_19-21-11.csv,MBurgerPC-C08954A945,Maxi,0,,0.0411523634668505,0.04422908608963866,0,0
session_2026-08-15_19-21-11.csv,Stacjonarny-CA89EB15,Mateusz,0,,0.16521635266485338,0.14661894758116004,0,0
session_2026-08-15_19-24-01.csv,Phileas-PC-167800BF4,Phileas,0,,0.11388785494603695,0.01765637497872743,0,0
session_2026-08-15_19-24-01.csv,RF-MS1-1-EF024FED46C,Nikolay,0,,0.08402392636551774,0.2743710838790507,0,0
session_2026-08-15_19-24-01.csv,MBurgerPC-C08954A945,Maxi,0,,0.10284066449004607,0.30295815522151104,0,0
session_2026-08-15_19-24-01.csv,Stacjonarny-CA89EB15,Mateusz,0,,0.059733771249365866,0.1230745328380746,0,0
session_2026-08-15_19-26-51.csv,Phileas-PC-167800BF4,Phileas,0,,0.1425952789263124,0.2699236373922937,0,0
session_2026-08-15_19-26-51.csv,RF-MS1-1-EF024FED46C,Nikolay,1,godmode,0.1907069576556394,0.17750315901672345,0,0
session_2026-08-15_19-26-51.csv,MBurgerPC-C08954A945,Maxi,0,,0.048731804106299806,0.0017663904422157678,0,0
session_2026-08-15_19-26-51.csv,Stacjonarny-CA89EB15,Mateusz,1,godmode,0.36505465111674706,0.30166981035005686,1,0
