SessionFile,PlayerID,Person,Label,CheatType,RuleCalibrated_Frac,RuleCalibrated_Label
session_2026-08-13_12-23-24.csv,Jacins-PC-6F2FC02F43,Jacin,0,,1.0,1
session_2026-08-13_12-23-24.csv,Phileas-PC-338CF49F4,Phileas,0,,0.0,0
session_2026-08-13_12-23-24.csv,Stacjonarny-CA89EB15,Mateusz,0,,0.0,0
session_2026-08-13_12-23-24.csv,Krystall-8CBC35F24BD,Peter,0,,0.0,0
session_2026-08-13_12-23-24.csv,DESKTOP-375SOSC-ECA1,Joni,0,,0.4,0
session_2026-08-13_12-26-14.csv,Jacins-PC-6F2FC02F43,Jacin,0,,0.0,0
session_2026-08-13_12-26-14.csv,Phileas-PC-338CF49F4,Phileas,0,,0.0,0
session_2026-08-13_12-26-14.csv,Stacjonarny-CA89EB15,Mateusz,0,,0.0,0
session_2026-08-13_12-26-14.csv,Krystall-8CBC35F24BD,Peter,0,,0.0,0
session_2026-08-13_12-26-14.csv,DESKTOP-375SOSC-ECA1,Joni,0,,0.0,0
session_2026-08-13_12-29-04.csv,Phileas-PC-338CF49F4,Phileas,0,,0.2,0
session_2026-08-13_12-29-04.csv,Stacjonarny-CA89EB15,Mateusz,0,,0.0,0
session_2026-08-13_12-29-04.csv,Krystall-8CBC35F24BD,Peter,0,,0.0,0
session_2026-08-13_12-29-04.csv,DESKTOP-375SOSC-ECA1,Joni,0,,1.0,1
session_2026-08-13_12-29-04.csv,LAPTOP-IN41KCMK-5468,Clemi,0,,0.0,0
session_2026-08-13_12-37-03.csv,Krystall-8CBC35F24BD,Peter,1,aimbot+wallhack+triggerbot,1.0,1
session_2026-08-13_12-37-03.csv,Stacjonarny-CA89EB15,Mateusz,0,,0.0,0
session_2026-08-13_12-37-03.csv,LAPTOP-IN41KCMK-5468,Clemi,0,,0.0,0
session_2026-08-13_12-37-03.csv,Phileas-PC-338CF49F4,Phileas,0,,0.0,0
session_2026-08-13_12-37-03.csv,DESKTOP-375SOSC-ECA1,Joni,0,,0.5,1
session_2026-08-13_12-41-33.csv,DESKTOP-375SOSC-ECA1,Joni,1,aimbot+triggerbot,1.0,1
session_2026-08-13_12-41-33.csv,Phileas-PC-338CF49F4,Phileas,0,,0.2,0
session_2026-08-13_12-41-33.csv,Krystall-8CBC35F24BD,Peter,0,,0.0,0
session_2026-08-13_12-41-33.csv,Stacjonarny-CA89EB15,Mateusz,0,,0.0,0
session_2026-08-13_12-41-33.csv,LAPTOP-IN41KCMK-5468,Clemi,0,,0.0,0
session_2026-08-13_12-44-52.csv,Stacjonarny-CA89EB15,Mateusz,0,,0.0,0
session_2026-08-13_12-44-52.csv,Phileas-PC-338CF49F4,Phileas,0,,0.0,0
session_2026-08-13_12-44-52.csv,Krystall-8CBC35F24BD,Peter,0,,0.0,0
session_2026-08-13_12-44-52.csv,DESKTOP-375SOSC-ECA1,Joni,0,,0.0,0
session_2026-08-13_12-44-52.csv,LAPTOP-IN41KCMK-5468,Clemi,0,,0.0,0
session_2026-08-13_12-47-42.csv,Stacjonarny-CA89EB15,Mateusz,0,,0.0,0
session_2026-08-13_12-47-42.csv,Phileas-PC-338CF49F4,Phileas,0,,0.0,0
session_2026-08-13_12-47-42.csv,Krystall-8CBC35F24BD,Peter,0,,0.0,0
session_2026-08-13_12-47-42.csv,DESKTOP-375SOSC-ECA1,Joni,0,,0.0,0
session_2026-08-13_12-47-42.csv,LAPTOP-IN41KCMK-5468,Clemi,0,,0.0,0
session_2026-08-13_12-51-13.csv,Phileas-PC-338CF49F4,Phileas,0,,0.0,0
session_2026-08-13_12-51-13.csv,Stacjonarny-CA89EB15,Mateusz,0,,0.0,0
session_2026-08-13_12-51-13.csv,DESKTOP-375SOSC-ECA1,Joni,0,,0.2,0
session_2026-08-13_12-51-13.csv,Krystall-8CBC35F24BD,Peter,0,,0.0,0
session_2026-08-13_12-51-13.csv,LAPTOP-IN41KCMK-5468,Clemi,0,,0.0,0
session_2026-08-13_12-54-03.csv,Phileas-PC-338CF49F4,Phileas,0,,0.0,0
session_2026-08-13_12-54-03.csv,Stacjonarny-CA89EB15,Mateusz,0,,0.0,0
session_2026-08-13_12-54-03.csv,DESKTOP-375SOSC-ECA1,Joni,0,,0.2,0
session_2026-08-13_12-54-03.csv,Krystall-8CBC35F24BD,Peter,0,,0.0,0
session_2026-08-13_12-54-03.csv,LAPTOP-IN41KCMK-5468,Clemi,0,,0.0,0
session_2026-08-13_12-56-54.csv,Phileas-PC-338CF49F4,Phileas,0,,0.0,0
session_2026-08-13_12-56-54.csv,Stacjonarny-CA89EB15,Mateusz,0,,0.6,1
session_2026-08-13_12-56-54.csv,DESKTOP-375SOSC-ECA1,Joni,0,,0.0,0
session_2026-08-13_12-56-54.csv,Krystall-8CBC35F24BD,Peter,0,,0.0,0
session_2026-08-13_12-56-54.csv,LAPTOP-IN41KCMK-5468,Clemi,0,,0.0,0
session_2026-08-13_12-59-44.csv,Phileas-PC-338CF49F4,Phileas,0,,0.0,0
session_2026-08-13_12-59-44.csv,Stacjonarny-CA89EB15,Mateusz,0,,0.0,0
session_2026-08-13_12-59-44.csv,DESKTOP-375SOSC-ECA1,Joni,0,,0.3,0
session_2026-08-13_12-59-44.csv,Krystall-8CBC35F24BD,Peter,0,,0.0,0
session_2026-08-13_12-59-44.csv,LAPTOP-IN41KCMK-5468,Clemi,0,,0.1,0
session_2026-08-13_13-02-34.csv,Phileas-PC-338CF49F4,Phileas,0,,0.0,0
session_2026-08-13_13-02-34.csv,Stacjonarny-CA89EB15,Mateusz,0,,0.0,0
session_2026-08-13_13-02-34.csv,DESKTOP-375SOSC-ECA1,Joni,0,,0.0,0
session_2026-08-13_13-02-34.csv,Krystall-8CBC35F24BD,Peter,0,,0.0,0
session_2026-08-13_13-02-34.csv,LAPTOP-IN41KCMK-5468,Clemi,0,,0.0,0
session_2026-08-13_19-43-23.csv,MBurgerPC-C08954A945,Maxi,0,,0.0,0
session_2026-08-13_19-43-23.csv,Phileas-PC-167800BF4,Phileas,0,,0.0,0
session_2026-08-13_19-43-23.csv,Stacjonarny-CA89EB15,Mateusz,0,,0.0,0
session_2026-08-13_19-43-23.csv,RF-MS1-1-EF024FED46C,Nikolay,0,,0.0,0
session_2026-08-13_19-46-13.csv,MBurgerPC-C08954A945,Maxi,1,aimbot,0.0,0
session_2026-08-13_19-46-13.csv,Phileas-PC-167800BF4,Phileas,0,,0.0,0
session_2026-08-13_19-46-13.csv,Stacjonarny-CA89EB15,Mateusz,0,,0.8,1
session_2026-08-13_19-46-13.csv,RF-MS1-1-EF024FED46C,Nikolay,0,,0.0,0
session_2026-08-13_19-49-20.csv,MBurgerPC-C08954A945,Maxi,0,,0.0,0
session_2026-08-13_19-49-20.csv,Phileas-PC-167800BF4,Phileas,0,,0.0,0
session_2026-08-13_19-49-20.csv,Stacjonarny-CA89EB15,Mateusz,1,aimbot+wallhack+triggerbot+godmode,1.0,1
session_2026-08-13_19-49-20.csv,RF-MS1-1-EF024FED46C,Nikolay,0,,0.9,1
session_2026-08-13_19-52-40.csv,Stacjonarny-CA89EB15,Mateusz,0,,0.0,0
session_2026-08-13_19-52-40.csv,Phileas-PC-167800BF4,Phileas,0,,0.0,0
session_2026-08-13_19-52-40.csv,MBurgerPC-C08954A945,Maxi,0,,0.0,0
session_2026-08-13_19-52-40.csv,RF-MS1-1-EF024FED46C,Nikolay,0,,0.0,0
session_2026-08-13_19-55-30.csv,Stacjonarny-CA89EB15,Mateusz,0,,0.0,0
session_2026-08-13_19-55-30.csv,Phileas-PC-167800BF4,Phileas,0,,0.0,0
session_2026-08-13_19-55-30.csv,MBurgerPC-C08954A945,Maxi,0,,0.0,0
session_2026-08-13_19-55-30.csv,RF-MS1-1-EF024FED46C,Nikolay,1,triggerbot+godmode,0.0,0
session_2026-08-13_19-58-20.csv,RF-MS1-1-EF024FED46C,Nikolay,0,,0.0,0
session_2026-08-13_19-58-20.csv,MBurgerPC-C08954A945,Maxi,0,,0.0,0
session_2026-08-13_19-58-20.csv,Stacjonarny-CA89EB15,Mateusz,0,,0.2,0
session_2026-08-13_19-58-20.csv,Phileas-PC-167800BF4,Phileas,0,,0.0,0
session_2026-08-13_20-01-10.csv,RF-MS1-1-EF024FED46C,Nikolay,0,,1.0,1
session_2026-08-13_20-01-10.csv,MBurgerPC-C08954A945,Maxi,1,wallhack,0.0,0
session_2026-08-13_20-01-10.csv,Phileas-PC-167800BF4,Phileas,0,,0.0,0
session_2026-08-13_20-01-10.csv,Stacjonarny-CA89EB15,Mateusz,0,,0.3,0
session_2026-08-13_20-04-00.csv,RF-MS1-1-EF024FED46C,Nikolay,0,,0.0,0
session_2026-08-13_20-04-00.csv,MBurgerPC-C08954A945,Maxi,0,,0.3,0
session_2026-08-13_20-04-00.csv,Phileas-PC-167800BF4,Phileas,0,,0.2,0
session_2026-08-13_20-04-00.csv,Stacjonarny-CA89EB15,Mateusz,0,,0.0,0
session_2026-08-13_20-06-50.csv,RF-MS1-1-EF024FED46C,Nikolay,0,,0.9,1
session_2026-08-13_20-06-50.csv,MBurgerPC-C08954A945,Maxi,0,,0.0,0
session_2026-08-13_20-06-50.csv,Phileas-PC-167800BF4,Phileas,0,,0.0,0
session_2026-08-13_20-06-50.csv,Stacjonarny-CA89EB15,Mateusz,0,,0.0,0
session_2026-08-13_20-10-52.csv,MBurgerPC-C08954A945,Maxi,0,,0.0,0
session_2026-08-13_20-10-52.csv,Phileas-PC-167800BF4,Phileas,0,,0.0,0
session_2026-08-13_20-10-52.csv,RF-MS1-1-EF024FED46C,Nikolay,0,,0.0,0
session_2026-08-13_20-10-52.csv,Stacjonarny-CA89EB15,Mateusz,0,,0.0,0
session_2026-08-13_20-13-42.csv,RF-MS1-1-EF024FED46C,Nikolay,0,,0.0,0
session_2026-08-13_20-13-42.csv,Phileas-PC-167800BF4,Phileas,1,wallhack,0.0,0
session_2026-08-13_20-13-42.csv,Stacjonarny-CA89EB15,Mateusz,0,,0.0,0
session_2026-08-13_20-13-42.csv,MBurgerPC-C08954A945,Maxi,0,,0.0,0
session_2026-08-13_20-16-32.csv,Phileas-PC-167800BF4,Phileas,0,,0.0,0
session_2026-08-13_20-16-32.csv,RF-MS1-1-EF024FED46C,Nikolay,0,,0.0,0
session_2026-08-13_20-16-32.csv,Stacjonarny-CA89EB15,Mateusz,0,,0.0,0
session_2026-08-13_20-16-32.csv,MBurgerPC-C08954A945,Maxi,0,,0.0,0
session_2026-08-13_20-19-22.csv,RF-MS1-1-EF024FED46C,Nikolay,0,,0.0,0
session_2026-08-13_20-19-22.csv,Phileas-PC-167800BF4,Phileas,0,,0.2,0
session_2026-08-13_20-19-22.csv,Stacjonarny-CA89EB15,Mateusz,0,,0.2,0
session_2026-08-13_20-19-22.csv,MBurgerPC-C08954A945,Maxi,0,,0.0,0
session_2026-08-13_20-22-12.csv,RF-MS1-1-EF024FED46C,Nikolay,1,godmode+triggerbot,1.0,1
session_2026-08-13_20-22-12.csv,Phileas-PC-167800BF4,Phileas,0,,0.2,0
session_2026-08-13_20-22-12.csv,Stacjonarny-CA89EB15,Mateusz,0,,1.0,1
session_2026-08-13_20-22-12.csv,MBurgerPC-C08954A945,Maxi,0,,0.0,0
session_2026-08-13_20-25-02.csv,RF-MS1-1-EF024FED46C,Nikolay,0,,0.0,0
session_2026-08-13_20-25-02.csv,MBurgerPC-C08954A945,Maxi,0,,0.0,0
session_2026-08-13_20-25-02.csv,Phileas-PC-167800BF4,Phileas,0,,0.0,0
session_2026-08-13_20-25-02.csv,Stacjonarny-CA89EB15,Mateusz,0,,0.0,0
session_2026-08-13_20-27-53.csv,RF-MS1-1-EF024FED46C,Nikolay,0,,0.0,0
session_2026-08-13_20-27-53.csv,MBurgerPC-C08954A945,Maxi,1,aimbot,1.0,1
session_2026-08-13_20-27-53.csv,Phileas-PC-167800BF4,Phileas,1,wallhack,0.0,0
session_2026-08-13_20-27-53.csv,Stacjonarny-CA89EB15,Mateusz,0,,0.0,0
session_2026-08-13_20-40-09.csv,Phileas-PC-167800BF4,Phileas,1,aimbot,1.0,1
session_2026-08-13_20-40-09.csv,MBurgerPC-C08954A945,Maxi,0,,0.0,0
session_2026-08-13_20-40-09.csv,Stacjonarny-CA89EB15,Mateusz,0,,0.0,0
session_2026-08-13_20-40-09.csv,RF-MS1-1-EF024FED46C,Nikolay,0,,0.0,0
session_2026-08-13_20-42-59.csv,Phileas-PC-167800BF4,Phileas,0,,0.0,0
session_2026-08-13_20-42-59.csv,MBurgerPC-C08954A945,Maxi,0,,0.0,0
session_2026-08-13_20-42-59.csv,Stacjonarny-CA89EB15,Mateusz,0,,0.2,0
session_2026-08-13_20-42-59.csv,RF-MS1-1-EF024FED46C,Nikolay,0,,0.0,0
session_2026-08-13_20-45-49.csv,Phileas-PC-167800BF4,Phileas,0,,0.0,0
session_2026-08-13_20-45-49.csv,MBurgerPC-C08954A945,Maxi,0,,0.0,0
session_2026-08-13_20-45-49.csv,Stacjonarny-CA89EB15,Mateusz,0,,0.0,0
session_2026-08-13_20-45-49.csv,RF-MS1-1-EF024FED46C,Nikolay,0,,1.0,1
session_2026-08-13_20-48-39.csv,Phileas-PC-167800BF4,Phileas,0,,0.0,0
session_2026-08-13_20-48-39.csv,MBurgerPC-C08954A945,Maxi,0,,0.0,0
session_2026-08-13_20-48-39.csv,RF-MS1-1-EF024FED46C,Nikolay,1,aimbot+wallhack+triggerbot+godmode,1.0,1
session_2026-08-14_14-25-16.csv,Phileas-PC-167800BF4,Phileas,0,,0.0,0
session_2026-08-14_14-25-16.csv,Stacjonarny-CA89EB15,Mateusz,0,,0.0,0
session_2026-08-14_14-25-16.csv,RF-MS1-1-EF024FED46C,Nikolay,0,,0.0,0
session_2026-08-14_14-25-16.csv,LAPTOP-IN41KCMK-5468,Clemi,0,,0.0,0
session_2026-08-14_14-28-06.csv,Phileas-PC-167800BF4,Phileas,0,,0.0,0
session_2026-08-14_14-28-06.csv,Stacjonarny-CA89EB15,Mateusz,0,,0.0,0
session_2026-08-14_14-28-06.csv,RF-MS1-1-EF024FED46C,Nikolay,0,,0.0,0
session_2026-08-14_14-28-06.csv,LAPTOP-IN41KCMK-5468,Clemi,1,aimbot,1.0,1
session_2026-08-14_14-30-56.csv,MBurgerPC-C08954A945,Maxi,0,,0.0,0
session_2026-08-14_14-30-56.csv,Phileas-PC-167800BF4,Phileas,0,,0.0,0
session_2026-08-14_14-30-56.csv,Stacjonarny-CA89EB15,Mateusz,0,,0.0,0
session_2026-08-14_14-30-56.csv,RF-MS1-1-EF024FED46C,Nikolay,0,,0.0,0
session_2026-08-14_14-30-56.csv,LAPTOP-IN41KCMK-5468,Clemi,0,,0.0,0
session_2026-08-14_14-33-46.csv,MBurgerPC-C08954A945,Maxi,0,,0.0,0
session_2026-08-14_14-33-46.csv,Phileas-PC-167800BF4,Phileas,0,,0.2,0
session_2026-08-14_14-33-46.csv,Stacjonarny-CA89EB15,Mateusz,1,aimbot+triggerbot,0.1,0
session_2026-08-14_14-33-46.csv,RF-MS1-1-EF024FED46C,Nikolay,1,aimbot+wallhack+triggerbot+godmode,1.0,1
session_2026-08-14_14-33-46.csv,LAPTOP-IN41KCMK-5468,Clemi,0,,0.3,0
session_2026-08-14_14-40-47.csv,Phileas-PC-167800BF4,Phileas,0,,0.0,0
session_2026-08-14_14-40-47.csv,MBurgerPC-C08954A945,Maxi,0,,0.0,0
session_2026-08-14_14-40-47.csv,RF-MS1-1-EF024FED46C,Nikolay,0,,0.0,0
session_2026-08-14_14-40-47.csv,LAPTOP-IN41KCMK-5468,Clemi,0,,0.0,0
session_2026-08-14_14-43-37.csv,Phileas-PC-167800BF4,Phileas,1,aimbot,1.0,1
session_2026-08-14_14-43-37.csv,MBurgerPC-C08954A945,Maxi,0,,0.0,0
session_2026-08-14_14-43-37.csv,RF-MS1-1-EF024FED46C,Nikolay,0,,0.0,0
session_2026-08-14_14-43-37.csv,LAPTOP-IN41KCMK-5468,Clemi,0,,0.0,0
session_2026-08-14_14-43-37.csv,Stacjonarny-CA89EB15,Mateusz,0,,0.0,0
session_2026-08-14_14-46-27.csv,Phileas-PC-167800BF4,Phileas,0,,0.0,0
session_2026-08-14_14-46-27.csv,MBurgerPC-C08954A945,Maxi,0,,0.0,0
session_2026-08-14_14-46-27.csv,RF-MS1-1-EF024FED46C,Nikolay,0,,0.7,1
session_2026-08-14_14-46-27.csv,LAPTOP-IN41KCMK-5468,Clemi,0,,0.0,0
session_2026-08-14_14-46-27.csv,Stacjonarny-CA89EB15,Mateusz,0,,0.0,0
session_2026-08-14_14-52-07.csv,Phileas-PC-167800BF4,Phileas,0,,0.0,0
session_2026-08-14_14-52-07.csv,MBurgerPC-C08954A945,Maxi,0,,1.0,1
session_2026-08-14_14-52-07.csv,Stacjonarny-CA89EB15,Mateusz,0,,0.0,0
session_2026-08-14_14-52-07.csv,RF-MS1-1-EF024FED46C,Nikolay,0,,0.0,0
session_2026-08-14_14-52-07.csv,LAPTOP-IN41KCMK-5468,Clemi,0,,0.2,0
session_2026-08-14_14-54-57.csv,Phileas-PC-167800BF4,Phileas,1,wallhack,0.0,0
session_2026-08-14_14-54-57.csv,MBurgerPC-C08954A945,Maxi,0,,0.0,0
session_2026-08-14_14-54-57.csv,Stacjonarny-CA89EB15,Mateusz,0,,0.0,0
session_2026-08-14_14-54-57.csv,RF-MS1-1-EF024FED46C,Nikolay,0,,0.0,0
session_2026-08-14_14-54-57.csv,LAPTOP-IN41KCMK-5468,Clemi,0,,0.0,0
session_2026-08-14_14-57-47.csv,LAPTOP-IN41KCMK-5468,Clemi,0,,0.0,0
session_2026-08-14_14-57-47.csv,Phileas-PC-167800BF4,Phileas,0,,0.0,0
session_2026-08-14_14-57-47.csv,MBurgerPC-C08954A945,Maxi,0,,0.4,0
session_2026-08-14_14-57-47.csv,Stacjonarny-CA89EB15,Mateusz,0,,0.6,1
session_2026-08-14_14-57-47.csv,RF-MS1-1-EF024FED46C,Nikolay,0,,0.0,0
session_2026-08-14_15-10-30.csv,Phileas-PC-167800BF4,Phileas,0,,0.2,0
session_2026-08-14_15-10-30.csv,RF-MS1-1-EF024FED46C,Nikolay,0,,0.0,0
session_2026-08-14_15-10-30.csv,Stacjonarny-CA89EB15,Mateusz,0,,0.3,0
session_2026-08-14_15-10-30.csv,MBurgerPC-1F26792842,Maxi,0,,0.0,0
session_2026-08-14_15-13-20.csv,Phileas-PC-167800BF4,Phileas,0,,0.0,0
session_2026-08-14_15-13-20.csv,RF-MS1-1-EF024FED46C,Nikolay,0,,0.7,1
session_2026-08-14_15-13-20.csv,Stacjonarny-CA89EB15,Mateusz,0,,0.0,0
session_2026-08-14_15-13-20.csv,MBurgerPC-1F26792842,Maxi,1,aimbot+triggerbot,0.2,0
session_2026-08-14_15-16-10.csv,Phileas-PC-167800BF4,Phileas,0,,0.0,0
session_2026-08-14_15-16-10.csv,RF-MS1-1-EF024FED46C,Nikolay,0,,0.0,0
session_2026-08-14_15-16-10.csv,Stacjonarny-CA89EB15,Mateusz,0,,0.0,0
session_2026-08-14_15-16-10.csv,MBurgerPC-1F26792842,Maxi,0,,0.3,0
session_2026-08-14_15-19-00.csv,Phileas-PC-167800BF4,Phileas,0,,0.0,0
session_2026-08-14_15-19-00.csv,MBurgerPC-1F26792842,Maxi,0,,0.0,0
session_2026-08-14_15-19-00.csv,RF-MS1-1-EF024FED46C,Nikolay,0,,0.0,0
session_2026-08-14_15-19-00.csv,Stacjonarny-CA89EB15,Mateusz,0,,0.0,0
session_2026-08-14_15-21-50.csv,Phileas-PC-167800BF4,Phileas,0,,0.0,0
session_2026-08-14_15-21-50.csv,RF-MS1-1-EF024FED46C,Nikolay,0,,0.0,0
session_2026-08-14_15-21-50.csv,Stacjonarny-CA89EB15,Mateusz,1,aimbot+wallhack+triggerbot+godmode,1.0,1
session_2026-08-14_15-24-40.csv,Phileas-PC-167800BF4,Phileas,0,,1.0,1
session_2026-08-14_15-24-40.csv,MBurgerPC-1F26792842,Maxi,0,,0.0,0
session_2026-08-14_15-24-40.csv,RF-MS1-1-EF024FED46C,Nikolay,0,,0.0,0
session_2026-08-14_15-24-40.csv,Stacjonarny-CA89EB15,Mateusz,0,,0.0,0
session_2026-08-14_15-37-31.csv,Phileas-PC-167800BF4,Phileas,0,,0.0,0
session_2026-08-14_15-37-31.csv,MBurgerPC-C8AB03D241,Maxi,0,,0.0,0
session_2026-08-14_15-37-31.csv,RF-MS1-1-EF024FED46C,Nikolay,0,,0.7,1
session_2026-08-14_15-37-31.csv,Stacjonarny-CA89EB15,Mateusz,0,,0.0,0
session_2026-08-14_15-40-21.csv,Phileas-PC-167800BF4,Phileas,0,,0.0,0
session_2026-08-14_15-40-21.csv,MBurgerPC-C8AB03D241,Maxi,0,,0.3,0
session_2026-08-14_15-40-21.csv,RF-MS1-1-EF024FED46C,Nikolay,0,,0.0,0
session_2026-08-14_15-40-21.csv,Stacjonarny-CA89EB15,Mateusz,0,,0.0,0
session_2026-08-14_15-43-11.csv,Phileas-PC-167800BF4,Phileas,0,,0.0,0
session_2026-08-14_15-43-11.csv,MBurgerPC-C8AB03D241,Maxi,0,,0.0,0
session_2026-08-14_15-43-11.csv,RF-MS1-1-EF024FED46C,Nikolay,0,,0.0,0
session_2026-08-14_15-43-11.csv,Stacjonarny-CA89EB15,Mateusz,0,,0.0,0
session_2026-08-15_18-26-35.csv,Phileas-PC-167800BF4,Phileas,0,,0.2,0
session_2026-08-15_18-26-35.csv,MBurgerPC-C08954A945,Maxi,0,,0.0,0
session_2026-08-15_18-26-35.csv,Stacjonarny-CA89EB15,Mateusz,0,,0.0,0
session_2026-08-15_18-26-35.csv,RF-MS1-1-EF024FED46C,Nikolay,0,,0.0,0
session_2026-08-15_18-29-25.csv,Phileas-PC-167800BF4,Phileas,0,,0.0,0
session_2026-08-15_18-29-25.csv,MBurgerPC-C08954A945,Maxi,1,aimbot+triggerbot,1.0,1
session_2026-08-15_18-29-25.csv,Stacjonarny-CA89EB15,Mateusz,0,,0.0,0
session_2026-08-15_18-29-25.csv,RF-MS1-1-EF024FED46C,Nikolay,0,,0.0,0
session_2026-08-15_18-32-15.csv,MBurgerPC-C08954A945,Maxi,0,,0.0,0
session_2026-08-15_18-32-15.csv,Stacjonarny-CA89EB15,Mateusz,0,,0.0,0
session_2026-08-15_18-32-15.csv,RF-MS1-1-EF024FED46C,Nikolay,0,,0.0,0
session_2026-08-15_18-32-15.csv,Phileas-PC-167800BF4,Phileas,0,,0.0,0
session_2026-08-15_18-35-05.csv,Phileas-PC-167800BF4,Phileas,0,,0.0,0
session_2026-08-15_18-35-05.csv,MBurgerPC-C08954A945,Maxi,0,,0.0,0
session_2026-08-15_18-35-05.csv,Stacjonarny-CA89EB15,Mateusz,0,,0.0,0
session_2026-08-15_18-35-05.csv,RF-MS1-1-EF024FED46C,Nikolay,0,,0.0,0
session_2026-08-15_18-41-02.csv,Phileas-PC-167800BF4,Phileas,0,,0.0,0
session_2026-08-15_18-41-02.csv,Stacjonarny-CA89EB15,Mateusz,0,,0.7,1
session_2026-08-15_18-41-02.csv,MBurgerPC-C08954A945,Maxi,0,,1.0,1
session_2026-08-15_18-41-02.csv,RF-MS1-1-EF024FED46C,Nikolay,0,,0.0,0
session_2026-08-15_18-43-52.csv,Phileas-PC-167800BF4,Phileas,1,triggerbot,0.9,1
session_2026-08-15_18-43-52.csv,Stacjonarny-CA89EB15,Mateusz,0,,0.1,0
session_2026-08-15_18-43-52.csv,MBurgerPC-C08954A945,Maxi,0,,0.0,0
session_2026-08-15_18-43-52.csv,RF-MS1-1-EF024FED46C,Nikolay,0,,0.0,0
session_2026-08-15_18-46-42.csv,Stacjonarny-CA89EB15,Mateusz,0,,0.6,1
session_2026-08-15_18-46-42.csv,Phileas-PC-167800BF4,Phileas,0,,0.0,0
session_2026-08-15_18-46-42.csv,MBurgerPC-C08954A945,Maxi,0,,0.0,0
session_2026-08-15_18-46-42.csv,RF-MS1-1-EF024FED46C,Nikolay,0,,0.0,0
session_2026-08-15_18-49-33.csv,Stacjonarny-CA89EB15,Mateusz,0,,1.0,1
session_2026-08-15_18-49-33.csv,Phileas-PC-167800BF4,Phileas,0,,0.0,0
session_2026-08-15_18-49-33.csv,MBurgerPC-C08954A945,Maxi,1,aimbot+triggerbot,1.0,1
session_2026-08-15_18-49-33.csv,RF-MS1-1-EF024FED46C,Nikolay,0,,0.0,0
session_2026-08-15_18-52-23.csv,Stacjonarny-CA89EB15,Mateusz,0,,0.0,0
session_2026-08-15_18-52-23.csv,Phileas-PC-167800BF4,Phileas,0,,0.0,0
session_2026-08-15_18-52-23.csv,MBurgerPC-C08954A945,Maxi,0,,0.0,0
session_2026-08-15_18-52-23.csv,RF-MS1-1-EF024FED46C,Nikolay,0,,0.0,0
session_2026-08-15_18-58-29.csv,Phileas-PC-167800BF4,Phileas,0,,0.0,0
session_2026-08-15_18-58-29.csv,RF-MS1-1-EF024FED46C,Nikolay,0,,0.0,0
session_2026-08-15_18-58-29.csv,Stacjonarny-CA89EB15,Mateusz,0,,0.0,0
session_2026-08-15_18-58-29.csv,MBurgerPC-C08954A945,Maxi,0,,0.0,0
session_2026-08-15_19-01-19.csv,Phileas-PC-167800BF4,Phileas,1,aimbot,1.0,1
session_2026-08-15_19-01-19.csv,RF-MS1-1-EF024FED46C,Nikolay,0,,0.0,0
session_2026-08-15_19-01-19.csv,Stacjonarny-CA89EB15,Mateusz,0,,0.0,0
session_2026-08-15_19-01-19.csv,MBurgerPC-C08954A945,Maxi,0,,0.0,0
session_2026-08-15_19-04-09.csv,Phileas-PC-167800BF4,Phileas,0,,0.0,0
session_2026-08-15_19-04-09.csv,RF-MS1-1-EF024FED46C,Nikolay,0,,0.0,0
session_2026-08-15_19-04-09.csv,Stacjonarny-CA89EB15,Mateusz,0,,0.0,0
session_2026-08-15_19-04-09.csv,MBurgerPC-C08954A945,Maxi,0,,0.0,0
session_2026-08-15_19-06-59.csv,Phileas-PC-167800BF4,Phileas,0,,0.0,0
session_2026-08-15_19-06-59.csv,RF-MS1-1-EF024FED46C,Nikolay,1,godmode+aimbot,1.0,1
session_2026-08-15_19-06-59.csv,Stacjonarny-CA89EB15,Mateusz,0,,0.0,0
session_2026-08-15_19-06-59.csv,MBurgerPC-C08954A945,Maxi,0,,0.0,0
session_2026-08-15_19-09-49.csv,Phileas-PC-167800BF4,Phileas,0,,0.0,0
session_2026-08-15_19-09-49.csv,RF-MS1-1-EF024FED46C,Nikolay,0,,0.0,0
session_2026-08-15_19-09-49.csv,Stacjonarny-CA89EB15,Mateusz,0,,0.0,0
session_2026-08-15_19-09-49.csv,MBurgerPC-C08954A945,Maxi,0,,0.0,0
session_2026-08-15_19-13-05.csv,MBurgerPC-C08954A945,Maxi,1,aimbot+wallhack+triggerbot+godmode,1.0,1
session_2026-08-15_19-13-05.csv,RF-MS1-1-EF024FED46C,Nikolay,0,,0.0,0
session_2026-08-15_19-13-05.csv,Stacjonarny-CA89EB15,Mateusz,0,,1.0,1
session_2026-08-15_19-13-05.csv,Phileas-PC-167800BF4,Phileas,0,,1.0,1
session_2026-08-15_19-15-55.csv,Phileas-PC-167800BF4,Phileas,0,,0.0,0
session_2026-08-15_19-15-55.csv,MBurgerPC-C08954A945,Maxi,0,,0.0,0
session_2026-08-15_19-15-55.csv,RF-MS1-1-EF024FED46C,Nikolay,0,,0.0,0
session_2026-08-15_19-21-11.csv,Phileas-PC-167800BF4,Phileas,1,wallhack,0.2,0
session_2026-08-15_19-21-11.csv,RF-MS1-1-EF024FED46C,Nikolay,0,,0.0,0
session_2026-08-15_19-21-11.csv,MBurgerPC-C08954A945,Maxi,0,,0.0,0
session_2026-08-15_19-21-11.csv,Stacjonarny-CA89EB15,Mateusz,0,,0.0,0
session_2026-08-15_19-24-01.csv,Phileas-PC-167800BF4,Phileas,0,,0.2,0
session_2026-08-15_19-24-01.csv,RF-MS1-1-EF024FED46C,Nikolay,0,,0.0,0
session_2026-08-15_19-24-01.csv,MBurgerPC-C08954A945,Maxi,0,,0.0,0
session_2026-08-15_19-24-01.csv,Stacjonarny-CA89EB15,Mateusz,0,,0.0,0
session_2026-08-15_19-26-51.csv,Phileas-PC-167800BF4,Phileas,0,,0.0,0
session_2026-08-15_19-26-51.csv,RF-MS1-1-EF024FED46C,Nikolay,1,godmode,0.0,0
session_2026-08-15_19-26-51.csv,MBurgerPC-C08954A945,Maxi,0,,0.2,0
session_2026-08-15_19-26-51.csv,Stacjonarny-CA89EB15,Mateusz,1,godmode,0.0,0
